-- phpMyAdmin SQL Dump
-- version 5.2.0
-- https://www.phpmyadmin.net/
--
-- Host: 127.0.0.1:3306
-- Generation Time: Jun 19, 2024 at 02:21 PM
-- Server version: 5.7.39
-- PHP Version: 7.4.30

SET SQL_MODE = "NO_AUTO_VALUE_ON_ZERO";
START TRANSACTION;
SET time_zone = "+00:00";


/*!40101 SET @OLD_CHARACTER_SET_CLIENT=@@CHARACTER_SET_CLIENT */;
/*!40101 SET @OLD_CHARACTER_SET_RESULTS=@@CHARACTER_SET_RESULTS */;
/*!40101 SET @OLD_COLLATION_CONNECTION=@@COLLATION_CONNECTION */;
/*!40101 SET NAMES utf8mb4 */;

--
-- Database: `test-app`
--

-- --------------------------------------------------------

--
-- Table structure for table `message`
--

CREATE TABLE `message` (
  `id` int(11) NOT NULL,
  `language` varchar(16) COLLATE utf8_unicode_ci NOT NULL,
  `translation` text COLLATE utf8_unicode_ci
) ENGINE=InnoDB DEFAULT CHARSET=utf8 COLLATE=utf8_unicode_ci;

--
-- Dumping data for table `message`
--

INSERT INTO `message` (`id`, `language`, `translation`) VALUES
(2, 'en', 'Home Page'),
(2, 'ru', 'Главная'),
(2, 'uz', 'Bosh sahifa'),
(7, 'en', 'Name'),
(7, 'ru', 'Имя'),
(7, 'uz', 'Nomi'),
(8, 'en', 'Category'),
(8, 'ru', 'Категория'),
(8, 'uz', 'Kategoriya'),
(25, 'en', 'Title'),
(25, 'ru', 'Заголовок'),
(25, 'uz', 'Sarlavha'),
(27, 'en', 'Page'),
(27, 'ru', 'Страница'),
(27, 'uz', 'Sahifa'),
(28, 'en', 'Post'),
(28, 'ru', 'Пост'),
(28, 'uz', 'Maqola'),
(29, 'en', 'Template'),
(29, 'ru', 'Шаблон'),
(29, 'uz', 'Shablon'),
(30, 'en', 'Other'),
(30, 'ru', 'Другой'),
(30, 'uz', 'Boshqa'),
(31, 'en', 'Select a url type...'),
(31, 'ru', 'Виберите тип ссилкы'),
(31, 'uz', 'Url turini tanlang...'),
(32, 'en', 'Translation'),
(32, 'ru', 'Перевод'),
(32, 'uz', 'Tarjima'),
(33, 'en', 'Create Post'),
(33, 'ru', 'Добавить новый пост'),
(33, 'uz', 'Yangi Maqola qo\'shish'),
(34, 'en', 'Date'),
(34, 'ru', 'Дата'),
(34, 'uz', 'Sana'),
(35, 'en', 'Content'),
(35, 'ru', 'Контент'),
(35, 'uz', 'Content'),
(36, 'en', 'Active'),
(36, 'ru', 'Актив'),
(36, 'uz', 'Faol'),
(37, 'en', 'Inactive'),
(37, 'ru', 'Неактив'),
(37, 'uz', 'Nofaol'),
(38, 'en', 'Status'),
(38, 'ru', 'Статус'),
(38, 'uz', 'Xolat'),
(39, 'en', 'Author'),
(39, 'ru', 'Автор'),
(39, 'uz', 'Muallif'),
(40, 'en', 'Posts'),
(40, 'ru', 'Статы'),
(40, 'uz', 'Maqolalar'),
(41, 'en', 'Update'),
(41, 'ru', 'Редактировать'),
(41, 'uz', 'Tahrirlash'),
(42, 'en', 'Created'),
(42, 'ru', 'Добавлено'),
(42, 'uz', 'Yaratildi'),
(43, 'en', 'Update Post'),
(43, 'ru', 'Изменить Пост'),
(43, 'uz', 'Maqolani tahrirlash'),
(44, 'en', 'Uzbek'),
(44, 'ru', 'Узбекский'),
(44, 'uz', 'O\'zbekcha'),
(45, 'en', 'Russian'),
(45, 'ru', 'Русскый'),
(45, 'uz', 'Ruscha'),
(46, 'en', 'English'),
(46, 'ru', 'Английский'),
(46, 'uz', 'Inglizcha'),
(47, 'en', 'Pages'),
(47, 'ru', 'Страницы'),
(47, 'uz', 'Sahifalar'),
(48, 'en', 'Create Page'),
(48, 'ru', 'Добавить новая страница'),
(48, 'uz', 'Yangi sahifa qo\'shish'),
(49, 'en', 'Identifikator'),
(49, 'ru', 'Идентификатор'),
(49, 'uz', 'Identifikator'),
(50, 'en', 'Updated At'),
(50, 'ru', 'Обновлено'),
(50, 'uz', 'Tahrirlandi'),
(51, 'en', 'Save'),
(51, 'ru', 'Сохранить'),
(51, 'uz', 'Saqlash'),
(52, 'en', 'Jan'),
(52, 'ru', 'Янв'),
(52, 'uz', 'Yan'),
(53, 'en', 'Feb'),
(53, 'ru', 'Фев'),
(53, 'uz', 'Fev'),
(54, 'en', 'Mar'),
(54, 'ru', 'Март'),
(54, 'uz', 'Mart'),
(55, 'en', 'Apr'),
(55, 'ru', 'Апр'),
(55, 'uz', 'Apr'),
(56, 'en', 'May'),
(56, 'ru', 'Май'),
(56, 'uz', 'May'),
(57, 'en', 'July'),
(57, 'ru', 'Июнь'),
(57, 'uz', 'Iyun'),
(58, 'en', 'July'),
(58, 'ru', 'Июль'),
(58, 'uz', 'Iyul'),
(59, 'en', 'Aug'),
(59, 'ru', 'Авг'),
(59, 'uz', 'Avg'),
(60, 'en', 'Sep'),
(60, 'ru', 'Сен'),
(60, 'uz', 'Sen'),
(61, 'en', 'Oct'),
(61, 'ru', 'Окт'),
(61, 'uz', 'Okt'),
(62, 'en', 'Nov'),
(62, 'ru', 'Нов'),
(62, 'uz', 'Noy'),
(63, 'en', 'Dec'),
(63, 'ru', 'Дек'),
(63, 'uz', 'Dek'),
(64, 'en', 'Image'),
(64, 'ru', 'Картина'),
(64, 'uz', 'Rasm'),
(65, 'en', 'Change Date'),
(65, 'ru', 'Изменить дату'),
(65, 'uz', 'Sanani o\'zgartirish'),
(66, 'en', 'Fish'),
(66, 'ru', 'ФИО'),
(66, 'uz', 'Fish'),
(67, 'en', 'Information'),
(67, 'ru', 'Инфо'),
(67, 'uz', 'Ma\'lumot'),
(70, 'en', 'Create new'),
(70, 'ru', 'Добавить новый'),
(70, 'uz', 'Yangi qo\'shish'),
(71, 'en', 'Main image'),
(71, 'ru', 'Главная картина'),
(71, 'uz', 'Asosiy rasm'),
(73, 'en', 'Adress'),
(73, 'ru', 'Адресс'),
(73, 'uz', 'Manzil'),
(74, 'en', 'Director'),
(74, 'ru', 'Директор'),
(74, 'uz', 'Direktor'),
(80, 'en', 'Error!'),
(80, 'ru', 'Ошибка!'),
(80, 'uz', 'Xatolik!'),
(82, 'en', 'Document'),
(82, 'ru', 'Документь'),
(82, 'uz', 'Hujjat'),
(83, 'en', 'Documents'),
(83, 'ru', 'Документы'),
(83, 'uz', 'Hujjatlar'),
(85, 'en', 'Read More'),
(85, 'ru', 'Подробнее'),
(85, 'uz', 'Batafsil'),
(100, 'en', 'Page not found!'),
(100, 'ru', 'Страница не найдена'),
(100, 'uz', 'Sahifa topilmadi!'),
(101, 'en', 'Disabled'),
(101, 'ru', 'Неактив'),
(101, 'uz', 'Nofaol'),
(103, 'en', ' Тошкент Давлат Аграр университети, Ҳарбий кафедра биноси 3-қават.'),
(103, 'ru', ' Тошкент Давлат Аграр университети, Ҳарбий кафедра биноси 3-қават.'),
(103, 'uz', ' Тошкент Давлат Аграр университети, Ҳарбий кафедра биноси 3-қават.'),
(104, 'en', 'Tel.'),
(104, 'ru', 'Тел.'),
(104, 'uz', 'Тел.'),
(105, 'en', 'Download'),
(105, 'ru', 'Скачать'),
(105, 'uz', 'Yuklash'),
(108, 'en', 'Familiya Ism Sharifingiz'),
(108, 'ru', 'Familiya Ism Sharifingiz'),
(108, 'uz', 'Familiya Ism Sharifingiz'),
(109, 'en', 'Email manzilingiz'),
(109, 'ru', 'Ваша электронная почта'),
(109, 'uz', 'Email manzilingiz'),
(110, 'en', 'Your phone number'),
(110, 'ru', 'Ваш телефон'),
(110, 'uz', 'Telefon raqamingiz'),
(113, 'en', 'Send'),
(113, 'ru', 'Отправить'),
(113, 'uz', 'Yuborish'),
(117, 'en', 'New'),
(117, 'ru', 'Новая'),
(117, 'uz', 'Yangi'),
(118, 'en', 'Tasdiqlash'),
(118, 'ru', 'Tasdiqlash'),
(118, 'uz', 'Tasdiqlash'),
(119, 'en', 'Tasdiqlangan'),
(119, 'ru', 'Tasdiqlangan'),
(119, 'uz', 'Tasdiqlangan'),
(126, 'en', 'Contact'),
(126, 'ru', 'Контакты'),
(126, 'uz', 'Aloqa'),
(127, 'en', 'Siz hech qanday xabar yozmadingiz!'),
(127, 'ru', 'Siz hech qanday xabar yozmadingiz!'),
(127, 'uz', 'Siz hech qanday xabar yozmadingiz!'),
(132, 'en', 'Close'),
(132, 'ru', 'Выход'),
(132, 'uz', 'Yopish'),
(147, 'en', 'Search'),
(147, 'ru', 'Поиск'),
(147, 'uz', 'Qidirish'),
(149, 'en', 'Search results'),
(149, 'ru', 'Резултаты поиска'),
(149, 'uz', 'Qidiruv natijalari'),
(150, 'en', 'Sorry! Nothing was found on your search!'),
(150, 'ru', 'Извините, ничего не найдено по вашему запросу'),
(150, 'uz', 'Kechirasiz! Sizning qidiruvingiz bo\'yicha hech narsa topilmadi!'),
(152, 'en', 'Post Categories'),
(152, 'ru', 'Категории статы'),
(152, 'uz', 'Maqola kategoriyalari'),
(154, 'en', 'Search'),
(154, 'ru', 'Search'),
(154, 'uz', 'Qidirish'),
(161, 'ru', 'Идентификатор'),
(161, 'uz', 'Identifikator'),
(162, 'ru', 'Каталоги'),
(162, 'uz', 'Kataloglar'),
(163, 'ru', 'Регистрация'),
(163, 'uz', 'Ro\'yxatdan o\'tish'),
(166, 'ru', 'Это поле обязательно к заполнению.'),
(166, 'uz', 'Ushbu maydon to\'ldirilishi shart.'),
(167, 'ru', 'Bunday nomli tashkilot avval ro\'yxatdan o\'tgan.'),
(167, 'uz', 'Bunday nomli tashkilot avval ro\'yxatdan o\'tgan.'),
(168, 'ru', 'Названия Компании'),
(168, 'uz', 'Tashkilot nomi'),
(169, 'ru', 'Телефон'),
(169, 'uz', 'Telefon'),
(170, 'en', 'Login'),
(170, 'ru', 'Логин'),
(170, 'uz', 'Login'),
(171, 'ru', 'Email'),
(171, 'uz', 'Email'),
(172, 'ru', 'Имя'),
(172, 'uz', 'Ism'),
(174, 'ru', 'Пароль'),
(174, 'uz', 'Parol'),
(175, 'ru', 'Qayta parol'),
(175, 'uz', 'Qayta parol'),
(176, 'ru', 'Siz muvaffaqiyatli ro\'yxatdan o\'tdingiz. Sayt administratori tez orada siz bilan bog\'lanadi'),
(176, 'uz', 'Siz muvaffaqiyatli ro\'yxatdan o\'tdingiz. Sayt administratori tez orada siz bilan bog\'lanadi'),
(177, 'ru', 'Ro\'yxatdan o\'tishda xatolik yuz berdi. Iltimos, qaytadan urinib ko\'ring.'),
(177, 'uz', 'Ro\'yxatdan o\'tishda xatolik yuz berdi. Iltimos, qaytadan urinib ko\'ring.'),
(178, 'ru', 'Ваша электронная почта'),
(178, 'uz', 'Sizning elektron manzilingiz'),
(179, 'ru', 'Напишите ваш пароль'),
(179, 'uz', 'Parolni kiriting'),
(180, 'ru', 'Повторите ваш пароль'),
(180, 'uz', 'Parolni qayta kiriting'),
(181, 'ru', 'Подтверждать'),
(181, 'uz', 'Tasdiqlash'),
(182, 'ru', 'Подтверждаете?'),
(182, 'uz', 'Tasdiqlaysizmi?'),
(183, 'ru', 'Siz rostdan ham ushbu foydalanuvchini ma\'lumotini tasdqilaysizmi?'),
(183, 'uz', 'Siz rostdan ham ushbu foydalanuvchini ma\'lumotini tasdqilaysizmi?'),
(184, 'ru', 'Время регистрации'),
(184, 'uz', 'Ro\'yxatdan o\'tgan vaqt'),
(185, 'ru', 'Вход или Регистрация'),
(185, 'uz', 'Kirish yoki Ro\'yxatdan o\'tish'),
(186, 'ru', 'Забыли пароль?'),
(186, 'uz', 'Parolni unutdingizmi?'),
(187, 'ru', 'Запомнить меня'),
(187, 'uz', 'Eslab qolish'),
(188, 'ru', 'Вход'),
(188, 'uz', 'Kirish'),
(189, 'ru', 'Нет акаунта?'),
(189, 'uz', 'Akaunt yo\'qmi?'),
(190, 'ru', 'Неверное логин или пароль'),
(190, 'uz', 'Login yoki parol noto\'g\'ri'),
(191, 'ru', 'Запрос на сброс пароля'),
(191, 'uz', 'Parolni qayta tiklash so\'rovi'),
(192, 'ru', 'Напишите свою имя и Эл.почту и на вашу электронную почту будет отпралено письмо на зброс пароля:'),
(192, 'uz', 'Iltimos, login va emailingizni yozing. Ushbu emailga parolni qayta tiklash xabari yuboriladi.'),
(193, 'ru', 'Bunday emailga ega bo\'lgan foydalanuvchi toplimadi'),
(193, 'uz', 'Bunday emailga ega bo\'lgan foydalanuvchi toplimadi'),
(194, 'ru', 'Kechirasiz, ushbu emailga xabar jo\'natishda xatolik yuz berdi.'),
(194, 'uz', 'Kechirasiz, ushbu emailga xabar jo\'natishda xatolik yuz berdi.'),
(195, 'ru', 'Parolni qayta tiklash so\'rovi emailingizga yuborildi.'),
(195, 'uz', 'Parolni qayta tiklash so\'rovi emailingizga yuborildi.'),
(196, 'ru', 'Yangi parol saqlandi.'),
(196, 'uz', 'Yangi parol saqlandi.'),
(197, 'ru', 'Сброс пароля'),
(197, 'uz', 'Parolni qayta tiklash'),
(198, 'ru', 'Login yoki parol noto\'g\'ri kiritildi'),
(198, 'uz', 'Login yoki parol noto\'g\'ri kiritildi'),
(199, 'ru', 'Напишите новый пароль'),
(199, 'uz', 'Yangi parolni kiriting'),
(200, 'ru', 'Parolni qayta tiklash tokeni bo\'sh bo\'lmasligi kerak.'),
(200, 'uz', 'Parolni qayta tiklash tokeni bo\'sh bo\'lmasligi kerak.'),
(201, 'ru', 'Parol qayta tiklash tokeni noto\'g\'ri.'),
(201, 'uz', 'Parol qayta tiklash tokeni noto\'g\'ri.'),
(202, 'ru', 'Личный кабинет'),
(202, 'uz', 'Shaxsiy kabinet'),
(203, 'ru', 'Юридическая имя'),
(203, 'uz', 'Yuridik nomi'),
(204, 'ru', 'Ответцвеное лицо'),
(204, 'uz', 'Mas\'ul shaxs'),
(205, 'ru', 'Должность'),
(205, 'uz', 'Lavozim'),
(206, 'ru', 'О фырмы'),
(206, 'uz', 'Korxona haqida'),
(207, 'ru', 'Продукты'),
(207, 'uz', 'Mahsulotlar'),
(208, 'ru', 'Добавить продукт'),
(208, 'uz', 'Yangi mahsulot qo\'shish'),
(209, 'ru', 'Редактировать данных'),
(209, 'uz', 'Ma\'lumotlarni tahrirlash'),
(210, 'ru', 'Дата основании'),
(210, 'uz', 'Tashkil topgan sanasi'),
(211, 'ru', 'Виды деятельности'),
(211, 'uz', 'Faoliyat turi'),
(212, 'ru', 'Главные данные'),
(212, 'uz', 'Asosiy ma\'lumotlar'),
(213, 'ru', 'Qo\'shimcha ma\'lumotlar'),
(213, 'uz', 'Qo\'shimcha ma\'lumotlar'),
(214, 'ru', 'Отправить'),
(214, 'uz', 'Kiritish'),
(215, 'ru', 'Выбрать дату'),
(215, 'uz', 'Sanani tanlang'),
(216, 'ru', 'Лого'),
(216, 'uz', 'Logo'),
(217, 'ru', 'Изменить картинку'),
(217, 'uz', 'Rasmni o\'zgartirish'),
(218, 'ru', 'Выбрать картинку'),
(218, 'uz', 'Rasmni tanlash'),
(219, 'ru', 'Имя продукта'),
(219, 'uz', 'Mahsulot nomi'),
(220, 'ru', 'Под каталог'),
(220, 'uz', 'Pod Katalog'),
(221, 'ru', 'Miqdori'),
(221, 'uz', 'Miqdori'),
(222, 'ru', 'Цена'),
(222, 'uz', 'Narx'),
(223, 'ru', 'Короткое описание'),
(223, 'uz', 'Qisqa tavsif'),
(224, 'ru', 'Описание'),
(224, 'uz', 'Tavsif'),
(225, 'ru', 'Виберите подкаталог ...'),
(225, 'uz', 'Podkatalogni tanlang...'),
(226, 'ru', 'Виберите каталог...'),
(226, 'uz', 'Katalogni tanlang...'),
(227, 'ru', 'Каталог'),
(227, 'uz', 'Katalog'),
(228, 'ru', 'Agar mahsulot tugagan bo\'lsa 0 yozing'),
(228, 'uz', 'Agar mahsulot tugagan bo\'lsa 0 yozing'),
(229, 'ru', 'Изменить продукт'),
(229, 'uz', 'Mahsulotni tahrirlash'),
(230, 'ru', 'Удалить'),
(230, 'uz', 'O\'chirish'),
(231, 'ru', 'Добавить картинку'),
(231, 'uz', 'Rasm qo\'shish'),
(232, 'ru', 'Добавить картинку для продукта'),
(232, 'uz', 'Mahsulot uchun rasm qo\'shish'),
(233, 'ru', 'Постовшик'),
(233, 'uz', 'Yetkazuvchi'),
(234, 'ru', 'Есть в наличии'),
(234, 'uz', 'Sotuvda bor'),
(235, 'ru', 'Нет в наличии'),
(235, 'uz', 'Sotuvda yo\'q'),
(236, 'ru', 'Общая сумма'),
(236, 'uz', 'Jami summa'),
(237, 'ru', 'Buyurtmalar soni'),
(237, 'uz', 'Buyurtmalar soni'),
(238, 'ru', 'Коментарии'),
(238, 'uz', 'Sharhlar'),
(239, 'ru', 'Коментарии'),
(239, 'uz', 'Sharhlar'),
(240, 'ru', 'Нет Коментарии'),
(240, 'uz', 'Sharhlar yo\'q'),
(241, 'ru', 'Добавить Коментарие'),
(241, 'uz', 'Fikr bildirish'),
(242, 'ru', 'Оцените'),
(242, 'uz', 'Baholang'),
(243, 'ru', 'Ваша Коментарие'),
(243, 'uz', 'Sizning fikringiz'),
(244, 'ru', 'Ваше имя'),
(244, 'uz', 'Ismingiz'),
(245, 'ru', 'Ismingizni yozing'),
(245, 'uz', 'Ismingizni yozing'),
(246, 'ru', 'Sizning Fikringiz Yuborildi'),
(246, 'uz', 'Sizning Fikringiz Yuborildi'),
(247, 'ru', 'Продукт'),
(247, 'uz', 'Mahsulot'),
(248, 'ru', 'Siz rostdan ham ushbu fikrni tasdqilaysizmi?'),
(248, 'uz', 'Siz rostdan ham ushbu fikrni tasdqilaysizmi?'),
(249, 'ru', 'Собшение'),
(249, 'uz', 'Xabar'),
(250, 'ru', 'Все картинки'),
(250, 'uz', 'Barcha rasmlar'),
(251, 'ru', 'Главная картина'),
(251, 'uz', 'Asosiy rasm'),
(252, 'ru', 'Сделать главным'),
(252, 'uz', 'Asosiy qilish'),
(253, 'ru', 'Siz rostdan ham ushbu rasmni o\'chirmoqchimisiz?'),
(253, 'uz', 'Siz rostdan ham ushbu rasmni o\'chirmoqchimisiz?'),
(254, 'ru', 'Имя'),
(254, 'uz', 'Ism'),
(255, 'ru', 'Все каталоги'),
(255, 'uz', 'Barcha kataloglar'),
(256, 'ru', 'Все Товары и Услуги'),
(256, 'uz', 'Barcha mahsulotlar va xizmatlar'),
(257, 'ru', 'Ценовой фильтр'),
(257, 'uz', 'Narx bo\'yicha filtrlash'),
(258, 'ru', 'от'),
(258, 'uz', 'dan'),
(259, 'ru', 'до'),
(259, 'uz', 'gacha'),
(260, 'ru', 'сум'),
(260, 'uz', 'so\'m'),
(261, 'ru', 'Филтр категории'),
(261, 'uz', 'Kategoriya bo\'yicha filtrlash'),
(262, 'ru', 'Все товары'),
(262, 'uz', 'Barcha mahsulotlar'),
(263, 'ru', 'Применить'),
(263, 'uz', 'Filtrlash'),
(264, 'ru', 'Все фермеры'),
(264, 'uz', 'Barcha fermerlar'),
(265, 'ru', 'Все Предприятии нашего сообщество'),
(265, 'uz', 'Birlashmamizdagi barcha korxonalar'),
(266, 'ru', 'Юридический адрес'),
(266, 'uz', 'Yuridik manzil'),
(267, 'ru', 'Товары и Услуги предприятии'),
(267, 'uz', 'Korxonaning mahsulotlari va xizmatlari'),
(268, 'ru', 'Отправить запрос'),
(268, 'uz', 'So\'rov jo\'natish'),
(269, 'ru', 'Филтрь'),
(269, 'uz', 'Filtrlash'),
(270, 'ru', 'Товары и услуги'),
(270, 'uz', 'Mahsulotlar va xizmatlar'),
(271, 'ru', 'Оформить заказ'),
(271, 'uz', 'Buyurtma berish'),
(272, 'ru', 'Моя корзинка'),
(272, 'uz', 'Mening savatcham'),
(273, 'ru', 'Тип продукта'),
(273, 'uz', 'Mahsulot turi'),
(274, 'ru', 'Названия'),
(274, 'uz', 'Nomi'),
(275, 'ru', 'Напишите ваши данные'),
(275, 'uz', 'Ma\'lumotlarni kiriiting'),
(276, 'ru', 'So`rovingiz jo`natildi'),
(276, 'uz', 'So`rovingiz jo`natildi'),
(277, 'ru', 'Kerakli maydonlarni to`ldiring'),
(277, 'uz', 'Kerakli maydonlarni to`ldiring'),
(278, 'ru', 'Новые фермеры'),
(278, 'uz', 'Yangi fermerlar'),
(279, 'ru', 'Товары и услуги наших предпрениматлей'),
(279, 'uz', 'Ishlab chiqaruvchilarimizning mahsulotlari va xizmatlari'),
(280, 'ru', 'Мы ждем, чтобы помочь вам ..'),
(280, 'uz', 'Мы ждем, чтобы помочь вам ..'),
(281, 'ru', 'Bu yerdagi yozuv kontakt sahifasida chiqadi'),
(281, 'uz', 'Bu yerdagi yozuv kontakt sahifasida chiqadi'),
(282, 'ru', 'Тема'),
(282, 'uz', 'Mavzu'),
(283, 'ru', 'Kontakt sahifasidagi 2-yozuv ruschasi'),
(283, 'uz', 'Kontakt sahifasidagi 2-yozuv o\'zbekachasi'),
(284, 'ru', 'О нас'),
(284, 'uz', 'Biz haqimizda'),
(285, 'ru', 'Приемущество'),
(285, 'uz', 'Приемущество'),
(286, 'ru', 'Bu matn О проекте sahifasida chiqadi'),
(286, 'uz', 'Bu matn О проекте sahifasida chiqadi'),
(287, 'ru', 'Прогнозирование рынков'),
(287, 'uz', 'Прогнозирование рынков'),
(288, 'ru', 'Прогнозирование рынков текст'),
(288, 'uz', 'Прогнозирование рынков текст'),
(289, 'ru', 'Креативная стратегия'),
(289, 'uz', 'Креативная стратегия'),
(290, 'ru', 'Креативная стратегия текст'),
(290, 'uz', 'Креативная стратегия текст'),
(291, 'ru', 'Много профессионалов'),
(291, 'uz', 'Много профессионалов'),
(292, 'ru', 'Много профессионалов текст'),
(292, 'uz', 'Много профессионалов текст'),
(293, 'ru', 'Для тех, кому нужен специалист'),
(293, 'uz', 'Для тех, кому нужен специалист'),
(294, 'ru', 'Для тех, кому нужен специалист текст'),
(294, 'uz', 'Для тех, кому нужен специалист текст'),
(295, 'ru', 'Для специалистов, которым нужна работа'),
(295, 'uz', 'Для специалистов, которым нужна работа'),
(296, 'ru', 'Для специалистов, которым нужна работа текст ruscha'),
(296, 'uz', 'Для специалистов, которым нужна работа текст o\'zbekcha'),
(297, 'ru', 'Продавцам продавать продуктов'),
(297, 'uz', 'Продавцам продавать продуктов'),
(307, 'ru', 'Личные данные'),
(307, 'uz', 'Shaxsiy ma\'lumotlar'),
(308, 'ru', 'Закась'),
(308, 'uz', 'Buyurtma'),
(309, 'ru', 'Фермеры'),
(309, 'uz', 'Fermerlar'),
(310, 'en', 'No new messages'),
(310, 'ru', 'Нет собшении'),
(310, 'uz', 'Yangi xabarlar yo\'q'),
(311, 'en', 'No new messages'),
(311, 'ru', 'Нет собшении'),
(311, 'uz', 'Yangi xabarlar yo\'q'),
(312, 'en', 'You have {0} new messages'),
(312, 'ru', 'Вам {0} собшении'),
(312, 'uz', 'Sizga {0} ta yangi xabar'),
(313, 'en', 'All messages'),
(313, 'ru', 'Все собшения'),
(313, 'uz', 'Barcha xabarlar'),
(314, 'en', 'Profile'),
(314, 'ru', 'Профиль'),
(314, 'uz', 'Profil'),
(315, 'en', 'Logout'),
(315, 'ru', 'Выход'),
(315, 'uz', 'Chiqish'),
(316, 'en', 'Main data'),
(316, 'ru', 'Главные данные'),
(316, 'uz', 'Asosiy ma\'lumotlar'),
(317, 'en', 'Menu'),
(317, 'ru', 'Меню'),
(317, 'uz', 'Menyu'),
(322, 'en', 'Vacants'),
(322, 'ru', 'Вакансии'),
(322, 'uz', 'Bo\'sh ish o\'rinlari'),
(323, 'en', 'Partners'),
(323, 'ru', 'Партнёры'),
(323, 'uz', 'Hamkorlar'),
(324, 'en', 'Media'),
(324, 'ru', 'Медия'),
(324, 'uz', 'Media'),
(325, 'en', 'Translations'),
(325, 'ru', 'Переводы'),
(325, 'uz', 'Tarjimalar'),
(326, 'en', 'Value'),
(326, 'ru', 'Значение'),
(326, 'uz', 'Qiymat'),
(327, 'en', 'With selected'),
(327, 'ru', 'С выбранними'),
(327, 'uz', 'Tanlanganlarni'),
(328, 'en', 'Delete all'),
(328, 'ru', 'Удалить все'),
(328, 'uz', 'Barchasini o\'chirish'),
(329, 'en', 'Are you sure want to delete this items?'),
(329, 'ru', 'Вы действительно хотите удалить элементы?'),
(329, 'uz', 'Siz rostdan ham ushbu elementlarni o\'chirmoqchimisiz?'),
(330, 'en', 'Name of section'),
(330, 'ru', 'Имя раздела'),
(330, 'uz', 'Bo\'lim nomi'),
(331, 'en', 'Telephone'),
(331, 'ru', 'Телефон'),
(331, 'uz', 'Telefon'),
(332, 'en', 'Experience'),
(332, 'ru', 'Опыт'),
(332, 'uz', 'Tajriba'),
(333, 'en', 'Partner'),
(333, 'ru', 'Партнёр'),
(333, 'uz', 'Hamkor'),
(334, 'en', 'Image or video'),
(334, 'ru', 'Картина или видео'),
(334, 'uz', 'Rasm yoki video'),
(335, 'en', 'Video'),
(335, 'ru', 'Видео'),
(335, 'uz', 'Video'),
(336, 'en', 'Update'),
(336, 'ru', 'Редактировать'),
(336, 'uz', 'Tahrirlash'),
(337, 'en', 'View'),
(337, 'ru', 'Просмотр'),
(337, 'uz', 'Ko\'rish'),
(338, 'en', 'Delete'),
(338, 'ru', 'Удалить'),
(338, 'uz', 'O\'chirish'),
(339, 'en', 'Close'),
(339, 'ru', 'Выход'),
(339, 'uz', 'Yopish'),
(340, 'en', 'Name of document'),
(340, 'ru', 'Имя документа'),
(340, 'uz', 'Hujjat nomi'),
(341, 'en', 'File'),
(341, 'ru', 'Файл'),
(341, 'uz', 'Fayl'),
(342, 'en', 'Languages'),
(342, 'ru', 'Язики'),
(342, 'uz', 'Tillar'),
(343, 'en', 'Messages'),
(343, 'ru', 'Собшения'),
(343, 'uz', 'Xabarlar'),
(344, 'en', 'Messages and appeals'),
(344, 'ru', 'Собшении и обращении'),
(344, 'uz', 'Xabarlar va murojatlar'),
(345, 'en', 'Are you sure want to delete this item?'),
(345, 'ru', 'Вы действительно хотите удалить этот элемент?'),
(345, 'uz', 'Siz rostdan ham ushbu elementni o\'chirmoqchimisiz?'),
(346, 'en', 'Type'),
(346, 'ru', 'Тип'),
(346, 'uz', 'Tip'),
(347, 'en', 'Appeal'),
(347, 'ru', 'Обрашение'),
(347, 'uz', 'Murojat'),
(348, 'en', 'Lastname'),
(348, 'ru', 'Фамилия'),
(348, 'uz', 'Familiya'),
(349, 'en', 'Change password'),
(349, 'ru', 'Изменить пароль'),
(349, 'uz', 'Parolni o\'zgartirish'),
(350, 'en', 'Repeat new password'),
(350, 'ru', 'Повторите новый пароль'),
(350, 'uz', 'Yangi parolni qaytadan kiriting'),
(351, 'en', 'New password'),
(351, 'ru', 'Новый пароль'),
(351, 'uz', 'Yangi parol'),
(352, 'en', 'Current password'),
(352, 'ru', 'Текуший пароль'),
(352, 'uz', 'Joriy parol'),
(353, 'en', 'Current login'),
(353, 'ru', 'Текуший логин'),
(353, 'uz', 'Joriy login'),
(354, 'en', 'Change login'),
(354, 'ru', 'Изменить логин'),
(354, 'uz', 'Loginni o\'zgartirish'),
(355, 'en', 'Contact'),
(355, 'ru', 'Контакть'),
(355, 'uz', 'Aloqa'),
(356, 'en', 'Interactive service'),
(356, 'ru', 'Интерактивная услуга'),
(356, 'uz', 'Interaktiv xizmat'),
(357, 'en', 'Site sections'),
(357, 'ru', 'Разделы сайтов'),
(357, 'uz', 'Sayt bo\'limlari'),
(358, 'en', 'Url Type'),
(358, 'ru', 'Тип ссилкы'),
(358, 'uz', 'Menyu turi'),
(359, 'en', 'Url Value'),
(359, 'ru', 'Ссилка'),
(359, 'uz', 'Url qiymati'),
(360, 'ru', 'Договоры'),
(360, 'uz', 'Kelishuvlar'),
(361, 'ru', 'Измерения'),
(361, 'uz', 'O\'lchov birliklari'),
(362, 'ru', 'Валюта'),
(362, 'uz', 'Pul birligi'),
(363, 'ru', 'Ползователы'),
(363, 'uz', 'Foydalanuvchilar'),
(364, 'ru', 'Добавить ешё'),
(364, 'uz', 'Yana qo\'shish'),
(365, 'ru', 'Главный раздел'),
(365, 'uz', 'Asosiy bo\'lim'),
(366, 'ru', 'Изменить пароль ползователя'),
(366, 'uz', 'Foydalanuvchi parolini o`zgartirish'),
(367, 'ru', 'Блокировать ползователя'),
(367, 'uz', 'Foydalanuvchini bloklash'),
(368, 'ru', 'Активизировать ползователя'),
(368, 'uz', 'Foydalanuvchini blokdan chiqarish'),
(369, 'ru', 'Изменить'),
(369, 'uz', 'O\'zgartirish'),
(370, 'ru', 'Ползователь'),
(370, 'uz', 'Foydalanuvchi'),
(371, 'ru', 'Изменить статус'),
(371, 'uz', 'Holatni o\'zgartirish'),
(372, 'ru', 'Измерение'),
(372, 'uz', 'O\'lchov birligi'),
(373, 'ru', 'Количество'),
(373, 'uz', 'Miqdori'),
(374, 'ru', 'Заказчик'),
(374, 'uz', 'Buyurtmachi'),
(375, 'ru', 'Время'),
(375, 'uz', 'Vaqti'),
(376, 'ru', 'Количество закаса'),
(376, 'uz', 'Buyurtma miqdori'),
(377, 'ru', 'Обшая сумма'),
(377, 'uz', 'Jami narx'),
(378, 'ru', 'Количество продуктов'),
(378, 'uz', 'Mahsulotlar soni'),
(379, 'ru', 'Подкаталоги'),
(379, 'uz', 'Subcataloglar'),
(380, 'ru', 'Категория статы'),
(380, 'uz', 'Maqola kategoriyasi'),
(381, 'ru', 'Количество статы'),
(381, 'uz', 'Maqolalar soni'),
(382, 'ru', 'Напишите ваши данные'),
(382, 'uz', 'Ma\'lumotlaringizni kiriting'),
(383, 'ru', 'Виберите категорию...'),
(383, 'uz', 'Kategoriyani tanlang...'),
(384, 'ru', 'Виберите страницу ...'),
(384, 'uz', 'Sahifani tanlang'),
(385, 'ru', 'Виберите раздель...'),
(385, 'uz', 'Bo\'limni tanlang...'),
(386, 'ru', 'Список все каталогов'),
(386, 'uz', 'Barcha kataloglar ro\'yxati'),
(387, 'ru', 'Bunday login avvalroq band qilingan'),
(387, 'uz', 'Bunday login avvalroq band qilingan'),
(388, 'ru', 'Bunday email avvalroq band qilingan'),
(388, 'uz', 'Bunday email avvalroq band qilingan'),
(390, 'en', 'This phone number has already been taken'),
(390, 'ru', 'Этот номер телефона уже занят'),
(390, 'uz', 'Ushbu telefon raqam avval band qilingan'),
(391, 'en', 'User not found'),
(391, 'ru', 'Пользователь не найден'),
(391, 'uz', 'Foydalanuvchi topilmadi'),
(392, 'en', 'Welcome to our online store!'),
(392, 'ru', 'Добро пожаловать в наш онлайн магазин!'),
(392, 'uz', 'Onlayn do\'konimizga xush kelibsiz!'),
(393, 'en', 'Invalid phone number'),
(393, 'ru', 'Неправильный номер телефона'),
(393, 'uz', 'Telefon raqam noto\'g\'ri kiritildi'),
(394, 'en', 'or'),
(394, 'ru', 'или'),
(394, 'uz', 'yoki'),
(395, 'en', 'Don’t have an Account?'),
(395, 'ru', 'Нет учетной записи?'),
(395, 'uz', 'Sizda akkount yo\'qmi?'),
(396, 'en', NULL),
(396, 'ru', 'Зарегистрируйтесь сейчас!'),
(396, 'uz', 'Hoziroq ro\'yxatdan o\'ting'),
(397, 'en', NULL),
(397, 'ru', 'Ваша фамилия'),
(397, 'uz', 'Familiyangiz'),
(398, 'en', NULL),
(398, 'ru', 'Введите пароль еще раз'),
(398, 'uz', 'Parolni qayta kiriting'),
(399, 'en', 'Enter the phone number with the operator code.'),
(399, 'ru', 'Введите номер телефона с кодом оператора.'),
(399, 'uz', 'Telefon raqamini operator kodi bilan kiriting.'),
(400, 'en', 'Example'),
(400, 'ru', 'Пример'),
(400, 'uz', 'Namuna'),
(401, 'en', 'The re-entered password does not match'),
(401, 'ru', 'Повторно введенный пароль не совпадает'),
(401, 'uz', 'Qayta kiritilgan parol mos kelmayapti'),
(402, 'en', 'Password should contain at least 5 characters'),
(402, 'ru', 'Пароль должен содержать не менее 5 символов.'),
(402, 'uz', 'Parol kamida 5 ta belgidan iborat bo\'lishi kerak'),
(403, 'en', 'An error occurred!'),
(403, 'ru', 'Произошла ошибка!'),
(403, 'uz', 'Xatolik yuz berdi!'),
(404, 'en', 'Verification code has been expired'),
(404, 'ru', 'Срок действия кода подтверждения истек'),
(404, 'uz', 'Tasdiqlash kodi muddati tugagan'),
(405, 'en', 'Verification code has not been expired'),
(405, 'ru', 'Срок действия кода подтверждения не истек'),
(405, 'uz', 'Tasdiqlash kodi muddati tugamagan'),
(406, 'en', 'Activate account'),
(406, 'ru', 'Активировать аккаунт'),
(406, 'uz', 'Akkountni faollashtirish'),
(407, 'en', 'Enter the code sent to your phone number'),
(407, 'ru', 'Enter the code sent to your phone number'),
(407, 'uz', 'Telefon raqamingizga yuborilgan kodni kiriting'),
(408, 'en', NULL),
(408, 'ru', 'Отправить'),
(408, 'uz', 'Jo\'natish'),
(409, 'en', NULL),
(409, 'ru', 'Повторно отправить код'),
(409, 'uz', 'Kodni qayta jo\'natish'),
(410, 'en', 'This product is already in the wish list'),
(410, 'ru', 'Этот продукт уже в списке желаний'),
(410, 'uz', 'Ushbu mahsulot allaqachon tanlanganlar ro\'yxatiga kiritilgan'),
(411, 'en', NULL),
(411, 'ru', 'Товар добавлен в список избранных'),
(411, 'uz', 'Ushbu mahsulot tanlanganlar ro\'yxatiga qo\'shildi'),
(412, 'en', NULL),
(412, 'ru', 'Товар удален из списка избранного'),
(412, 'uz', 'Mahsulot tanlanganlar ro\'yxatidan olib tashlandi'),
(413, 'en', 'Incorrect verification code'),
(413, 'ru', 'Неверный проверочный код'),
(413, 'uz', 'Tasdiqlash kodi noto\'g\'ri'),
(414, 'en', 'Congratulations. Your account has been successfully activated'),
(414, 'ru', 'Поздравляем. Ваша аккоунт был успешно активирован'),
(414, 'uz', 'Tabriklaymiz. Sizning akkountingiz muvaffaqiyatli faollashtirildi'),
(415, 'en', 'Incorrect verification code. Repeat again.'),
(415, 'ru', 'Неверный проверочный код. Повторно введите.'),
(415, 'uz', 'Tasdiqlash kodi noto\'g\'ri kiritildi. Qaytadan kiriting.'),
(416, 'en', NULL),
(416, 'ru', 'Войти на сайт'),
(416, 'uz', 'Saytga kirish'),
(417, 'en', NULL),
(417, 'ru', 'Введите свой номер телефона и пароль для доступа к сайту'),
(417, 'uz', 'Saytga kirish uchun telefon raqam va parolingizni kiriting'),
(418, 'en', 'Phone number'),
(418, 'ru', 'Номер телефона'),
(418, 'uz', 'Telefon raqami'),
(419, 'en', NULL),
(419, 'ru', 'Запомни меня'),
(419, 'uz', 'Eslab qolish'),
(420, 'en', NULL),
(420, 'ru', 'Войти'),
(420, 'uz', 'Kirish'),
(421, 'en', NULL),
(421, 'ru', 'Регистрация'),
(421, 'uz', 'Ro\'yxatdan o\'tish'),
(422, 'en', NULL),
(422, 'ru', 'Неверный номер телефона или пароль'),
(422, 'uz', 'Telefon raqam yoki parol xato'),
(423, 'en', NULL),
(423, 'ru', 'Пожалуйста, заполните свой номер телефона. Код для сброса пароля будет отправлен на ваш номер.'),
(423, 'uz', 'Iltimos, telefon raqamingizni to\'ldiring. Ushbu nomerga parolni tiklash uchun kod yuboriladi.'),
(424, 'en', NULL),
(424, 'ru', 'Этот номер телефона не зарегистрирован'),
(424, 'uz', 'Ushbu telefon raqam ro\'yxatdan o\'tkazilmagan'),
(425, 'en', 'Your password has been changed successfully'),
(425, 'ru', 'Ваш пароль был успешно изменен'),
(425, 'uz', 'Sizning parolingiz muvaffaqiyatli o\'zgartirildi'),
(426, 'en', NULL),
(426, 'ru', 'Введите новый пароль'),
(426, 'uz', 'Yangi parolni kiritish'),
(427, 'en', 'Congratulations!'),
(427, 'ru', 'Поздравляем!'),
(427, 'uz', 'Tabriklaymiz!'),
(428, 'en', NULL),
(428, 'ru', 'Новая цена'),
(428, 'uz', 'Yangi narx'),
(429, 'en', NULL),
(429, 'ru', 'Сортировать'),
(429, 'uz', 'Saralash'),
(430, 'en', NULL),
(430, 'ru', '{0} продуктов на странице'),
(430, 'uz', '{0} ta mahsulot bitta sahifada '),
(431, 'en', NULL),
(431, 'ru', 'Цена. В порядке возрастания'),
(431, 'uz', 'Narx. O\'sish tartibida'),
(432, 'en', NULL),
(432, 'ru', 'Цена. В порядке убывания'),
(432, 'uz', 'Narx. Kamayish tartibida'),
(433, 'en', NULL),
(433, 'ru', 'Последние продукты'),
(433, 'uz', 'Eng oxirgi kiritilganlar'),
(434, 'en', NULL),
(434, 'ru', 'Добавить в корзину'),
(434, 'uz', 'Savatchaga qo\'shish'),
(435, 'en', NULL),
(435, 'ru', 'Добавлено в корзину'),
(435, 'uz', 'Savatchaga qo\'shildi'),
(436, 'en', NULL),
(436, 'ru', 'В вашей корзине нет товаров'),
(436, 'uz', 'Sizning xarid savatchangizda mahsulotlar yo\'q'),
(437, 'en', NULL),
(437, 'ru', 'Доступность'),
(437, 'uz', 'Mavjudligi'),
(438, 'en', NULL),
(438, 'ru', 'Добавить в избранное'),
(438, 'uz', 'Tanlanganlar ro\'yxatiga qo\'shish'),
(439, 'en', NULL),
(439, 'ru', 'Вам необходимо зарегистрироваться для выполнения этого действия'),
(439, 'uz', 'Ushbu amalni bajarish uchun ro\'yxatdan o\'tishingiz kerak'),
(440, 'en', NULL),
(440, 'ru', 'Вам также может понравиться'),
(440, 'uz', 'Sizga yoqishi mumkin'),
(441, 'en', NULL),
(441, 'ru', 'Корзина покупателя'),
(441, 'uz', 'Xarid qutisi'),
(442, 'en', NULL),
(442, 'ru', 'Итоговая цена'),
(442, 'uz', 'Umumiy narx'),
(443, 'en', NULL),
(443, 'ru', 'Посмотреть'),
(443, 'uz', 'Ko\'rish'),
(444, 'en', NULL),
(444, 'ru', 'Заказать'),
(444, 'uz', 'Buyurtma'),
(445, 'en', NULL),
(445, 'ru', 'Заказать'),
(445, 'uz', 'Buyurtma berish'),
(446, 'en', NULL),
(446, 'ru', 'Вы должны войти в систему, чтобы разместить заказ'),
(446, 'uz', 'Buyurtma berish uchun tizimga kirishingiz kerak'),
(447, 'en', NULL),
(447, 'ru', 'Ваш регион'),
(447, 'uz', 'Sizning hududingiz'),
(448, 'en', NULL),
(448, 'ru', 'Вы заказали следующие товары'),
(448, 'uz', 'Siz quyidagi mahsulotlarga buyurtma berdingiz'),
(449, 'en', NULL),
(449, 'ru', 'Ваш заказ принят'),
(449, 'uz', 'Buyurtmangiz qabul qilindi'),
(450, 'en', NULL),
(450, 'ru', 'Новые продукты'),
(450, 'uz', 'Yangi mahsulotlar'),
(451, 'en', NULL),
(451, 'ru', 'Хитовые продукты'),
(451, 'uz', 'Xit mahsulotlar'),
(452, 'en', NULL),
(452, 'ru', 'Рекомендуемые'),
(452, 'uz', 'Tavsiya etiladi'),
(453, 'en', NULL),
(453, 'ru', 'Категории'),
(453, 'uz', 'Kategoriyalar'),
(454, 'en', NULL),
(454, 'ru', 'Мои заказы'),
(454, 'uz', 'Mening buyurtmalarim'),
(455, 'en', NULL),
(455, 'ru', 'Язык'),
(455, 'uz', 'Til'),
(456, 'en', 'Sum'),
(456, 'ru', 'Сум'),
(456, 'uz', 'So\'m'),
(457, 'en', NULL),
(457, 'ru', 'Следите за нашими новостями'),
(457, 'uz', 'Yangiliklarimizdan xabardor bo\'ling'),
(458, 'en', NULL),
(458, 'ru', 'Новинки, специальные акции и скидки.'),
(458, 'uz', 'Yangi mahsulotlar, maxsus aktsiyalar va chegirmalar.'),
(459, 'en', NULL),
(459, 'ru', 'Все категории'),
(459, 'uz', 'Barcha kategoriyalar'),
(460, 'en', NULL),
(460, 'ru', 'Наименование товара'),
(460, 'uz', 'Mahsulot nomi'),
(461, 'en', NULL),
(461, 'ru', 'Результаты поиска'),
(461, 'uz', 'Qidiruv natijalari'),
(462, 'en', NULL),
(462, 'ru', 'Категории продукта'),
(462, 'uz', 'Mahsulot kategoriyalari'),
(463, 'en', NULL),
(463, 'ru', 'Пост Категории '),
(463, 'uz', 'Maqola kategoriyalari'),
(464, 'en', NULL),
(464, 'ru', 'Размер'),
(464, 'uz', 'O\'lchami'),
(465, 'en', NULL),
(465, 'ru', 'Стиль'),
(465, 'uz', 'Stili'),
(466, 'en', NULL),
(466, 'ru', 'Специальный'),
(466, 'uz', 'Maxsus'),
(467, 'en', NULL),
(467, 'ru', 'Форма'),
(467, 'uz', 'Shakl'),
(468, 'en', NULL),
(468, 'ru', 'Добавить новый товар'),
(468, 'uz', 'Yangi mahsulot qo\'shish'),
(469, 'en', NULL),
(469, 'ru', 'Размеры'),
(469, 'uz', 'O\'lchamlari'),
(470, 'en', NULL),
(470, 'ru', 'Дополнительная информация'),
(470, 'uz', 'Qo\'shimcha ma\'lumotlar'),
(471, 'en', NULL),
(471, 'ru', 'Рост'),
(471, 'uz', 'Balandligi'),
(472, 'en', NULL),
(472, 'ru', 'Ширина'),
(472, 'uz', 'Eni'),
(473, 'en', NULL),
(473, 'ru', 'Старая стоимость'),
(473, 'uz', 'Eski narx'),
(474, 'en', NULL),
(474, 'ru', 'Текущая стоимость'),
(474, 'uz', 'Hozirgi narx'),
(475, 'en', NULL),
(475, 'ru', 'Настройки'),
(475, 'uz', 'Sozlamalar'),
(476, 'en', NULL),
(476, 'ru', 'Области'),
(476, 'uz', 'Viloyatlar'),
(477, 'en', NULL),
(477, 'ru', 'Заказы'),
(477, 'uz', 'Buyurtmalar'),
(478, 'en', NULL),
(478, 'ru', 'Клиент'),
(478, 'uz', 'Buyurtmachi'),
(479, 'en', NULL),
(479, 'ru', 'Заказанные товары'),
(479, 'uz', 'Buyurtma qilingan mahsulotlar'),
(480, 'en', NULL),
(480, 'ru', 'Область'),
(480, 'uz', 'Viloyat'),
(481, 'en', NULL),
(481, 'ru', 'Отменено'),
(481, 'uz', 'Bekor qilingan'),
(482, 'en', NULL),
(482, 'ru', 'Принято'),
(482, 'uz', 'Qabul qilingan'),
(483, 'en', NULL),
(483, 'ru', 'В процессе'),
(483, 'uz', 'Bajarilmoqda'),
(484, 'en', NULL),
(484, 'ru', 'Сделал'),
(484, 'uz', 'Bajarildi'),
(485, 'en', NULL),
(485, 'ru', 'Популярный'),
(485, 'uz', 'Mashhur'),
(486, 'en', NULL),
(486, 'ru', 'Популярные категории'),
(486, 'uz', 'Mashhur bo\'limlar'),
(487, 'en', NULL),
(487, 'ru', 'Отправьте нам сообщение!'),
(487, 'uz', 'Bizga xabar yuboring!'),
(488, 'en', NULL),
(488, 'ru', 'Ваш эмаил или номер телефона'),
(488, 'uz', 'Email yoki telefon raqamingiz'),
(489, 'en', NULL),
(489, 'ru', 'Код подтверждения'),
(489, 'uz', 'Tasdiqlash kodi'),
(490, 'en', NULL),
(490, 'ru', 'Ваше сообщение'),
(490, 'uz', 'Sizning fikringiz'),
(491, 'en', NULL),
(491, 'ru', 'Вы не писали никаких сообщений!'),
(491, 'uz', 'Siz hech qanday xabar yozmadingiz!'),
(492, 'en', NULL),
(492, 'ru', 'Спасибо, что оставили нам сообщение!'),
(492, 'uz', 'Bizga xabar qoldirganingiz uchun rahmat!'),
(493, 'en', NULL),
(493, 'ru', 'Новости'),
(493, 'uz', 'Yangiliklar'),
(494, 'en', NULL),
(494, 'ru', 'Покупайте новейшие продукты прямо у себя дома.'),
(494, 'uz', 'Eng so\'nggi mahsulotlarni darhol uyingizdan xarid qiling.'),
(495, 'en', NULL),
(495, 'ru', 'У нас лучшая мебельная фурнитура и аксессуары.'),
(495, 'uz', 'Bizda eng yaxshi mebel jihozlari va aksessuarlari mavjud.'),
(496, 'en', NULL),
(496, 'ru', 'Информация'),
(496, 'uz', 'Ma\'lumot'),
(497, 'en', NULL),
(497, 'ru', 'Будьте в курсе новых продуктов, скидок и акций.'),
(497, 'uz', 'Yangi mahsulotlar, chegirmalar va aksiyalardan xabardor bo\'lib turing.'),
(498, 'en', NULL),
(498, 'ru', 'Ваш эмаил'),
(498, 'uz', 'Sizning emailingiz'),
(499, 'en', NULL),
(499, 'ru', 'Подписывайся'),
(499, 'uz', 'Obuna bo\'lish'),
(500, 'en', NULL),
(500, 'ru', 'Следуйте за нами в социальных сетях'),
(500, 'uz', 'Bizni ijtimoiy tarmoqlarda kuzating'),
(501, 'en', NULL),
(501, 'ru', 'Мои любимые товары'),
(501, 'uz', 'Mening sevimli mahsulotlarim'),
(502, 'en', NULL),
(502, 'ru', 'Товаров не найдено!'),
(502, 'uz', 'Hech qanday mahsulot topilmadi!'),
(503, 'en', NULL),
(503, 'ru', 'Избранные'),
(503, 'uz', 'Tanlanganlar'),
(504, 'en', NULL),
(504, 'ru', 'Корзина'),
(504, 'uz', 'Savatcha'),
(505, 'en', NULL),
(505, 'ru', 'Наши последние новости'),
(505, 'uz', 'So\'nggi yangiliklar'),
(506, 'en', NULL),
(506, 'ru', 'Стоимость доставки'),
(506, 'uz', 'Yetkazish narxi'),
(507, 'en', NULL),
(507, 'ru', 'Поиск'),
(507, 'uz', 'Qidirish'),
(508, 'en', NULL),
(508, 'ru', 'Хит'),
(508, 'uz', 'Hit'),
(509, 'en', NULL),
(509, 'ru', 'Популярные статьи'),
(509, 'uz', 'Eng ko\'p o\'qilganlar'),
(510, 'en', NULL),
(510, 'ru', 'Наш блог'),
(510, 'uz', 'Bizning blog'),
(511, 'en', NULL),
(511, 'ru', 'Похожие статьи'),
(511, 'uz', 'O\'xshash maqolalar'),
(512, 'en', NULL),
(512, 'ru', 'Контактная информация'),
(512, 'uz', 'Aloqa ma\'lumotlari'),
(513, 'en', NULL),
(513, 'ru', 'Центр мебельной торговли'),
(513, 'uz', 'Mebel savdo markazi'),
(514, 'en', NULL),
(514, 'ru', 'Параметры продукта'),
(514, 'uz', 'Mahsulot parametrlari'),
(515, 'en', NULL),
(515, 'ru', 'Материал'),
(515, 'uz', 'Material'),
(516, 'en', NULL),
(516, 'ru', 'Отправить сообщение'),
(516, 'uz', 'Xabar jo\'natish'),
(517, 'en', NULL),
(517, 'ru', 'Напишите свое имя'),
(517, 'uz', 'Ismingizni yozing'),
(518, 'en', NULL),
(518, 'ru', 'Номер телефона обязателен.'),
(518, 'uz', 'Telefon raqamingizni yozing.'),
(519, 'en', NULL),
(519, 'ru', 'Требуется пароль'),
(519, 'uz', 'Parol yozish talab qilinadi'),
(520, 'en', NULL),
(520, 'ru', 'Код активации вашего аккаунта на {hostInfo}: {code}'),
(520, 'uz', 'Sizning {hostInfo} saytidagi akkountingizni faollashtirish kodi: {code}'),
(521, 'en', NULL),
(521, 'ru', 'Неверный код подтверждения'),
(521, 'uz', 'Tasdiqlash kodi noto\'g\'ri'),
(522, 'en', NULL),
(522, 'ru', 'Введите код, отправленный на ваш номер телефона'),
(522, 'uz', 'Telefon raqamingizga yuborilgan kodni kiriting'),
(523, 'en', NULL),
(523, 'ru', 'Сброс пароля'),
(523, 'uz', 'Parolni qayta tiklash'),
(524, 'en', NULL),
(524, 'ru', 'Произошла ошибка при отправке кода активации на ваш номер телефона'),
(524, 'uz', 'Telefon raqamingizga aktivizatsiya kodini yuborishda xatolik yuz berdi'),
(525, 'en', NULL),
(525, 'ru', 'Личный кабинет'),
(525, 'uz', 'Shaxsiy kabinet'),
(526, 'en', NULL),
(526, 'ru', 'Янв'),
(526, 'uz', 'Yan'),
(527, 'en', NULL),
(527, 'ru', 'Фев'),
(527, 'uz', 'Fev'),
(528, 'en', NULL),
(528, 'ru', 'Март'),
(528, 'uz', 'Mart'),
(529, 'en', NULL),
(529, 'ru', 'Апр'),
(529, 'uz', 'Apr'),
(530, 'en', NULL),
(530, 'ru', 'Май'),
(530, 'uz', 'May'),
(531, 'en', NULL),
(531, 'ru', 'Июнь'),
(531, 'uz', 'Iyun'),
(532, 'en', NULL),
(532, 'ru', 'Июль'),
(532, 'uz', 'Iyul'),
(533, 'en', NULL),
(533, 'ru', 'Авг'),
(533, 'uz', 'Avg'),
(534, 'en', NULL),
(534, 'ru', 'Сен'),
(534, 'uz', 'Sen'),
(535, 'en', NULL),
(535, 'ru', ' Окт'),
(535, 'uz', 'Okt'),
(536, 'en', NULL),
(536, 'ru', 'Нов'),
(536, 'uz', 'Noy'),
(537, 'en', NULL),
(537, 'ru', 'Дек'),
(537, 'uz', 'Dek'),
(538, 'en', NULL),
(538, 'ru', 'Спасибо, что оставили свой эмаил'),
(538, 'uz', 'Bizga o\'z emailingizni qoldirganingiz uchun rahmat'),
(539, 'en', NULL),
(539, 'ru', 'Ваш заказ принят. Мы свяжемся с вами как можно скорее!'),
(539, 'uz', 'Sizning buyurtmangiz qabul qilindi. Biz siz bilan tez orada bog\'lanamiz!'),
(540, 'en', NULL),
(540, 'ru', 'Телефон поддержки'),
(540, 'uz', 'Qo\'llab-quvvatlash telefoni'),
(541, 'en', NULL),
(541, 'ru', 'Лучшие товары'),
(541, 'uz', 'Eng yaxshi mahsulotlar'),
(542, 'ru', 'Социальные сети'),
(542, 'uz', 'Ijtimoiy tarmoqlar'),
(543, 'ru', 'Слайдер'),
(543, 'uz', 'Slayder'),
(544, 'ru', 'Маленкий текст'),
(544, 'uz', 'Kichik matn'),
(545, 'ru', 'Большой текст'),
(545, 'uz', 'Katta matn'),
(546, 'ru', 'Текст цены'),
(546, 'uz', 'Narx uchun matn'),
(547, 'ru', 'Заголовок для кнопки'),
(547, 'uz', 'Knopka uchun sarlavha'),
(548, 'ru', 'Ссылка для кнопки'),
(548, 'uz', 'Knopka uchun url manzil'),
(549, 'ru', 'Company adress'),
(549, 'uz', 'Company adress'),
(550, 'en', 'Russian'),
(550, 'ru', 'Русский'),
(550, 'uz', 'Ruscha'),
(551, 'en', 'English'),
(551, 'ru', 'Английский'),
(551, 'uz', 'Inglizcha'),
(552, 'en', 'Uzbek'),
(552, 'ru', 'Узбекский'),
(552, 'uz', 'O\'zbekcha'),
(553, 'en', NULL),
(553, 'ru', 'Время публикации'),
(553, 'uz', 'E\'lon qilish vqti'),
(554, 'en', NULL),
(554, 'ru', 'Квартиры'),
(554, 'uz', 'Kvartiralar'),
(555, 'en', NULL),
(555, 'ru', '1 комн.'),
(555, 'uz', '1 xona'),
(556, 'en', NULL),
(556, 'ru', '2 комн.'),
(556, 'uz', '2 xona'),
(557, 'en', NULL),
(557, 'ru', '3 комн.'),
(557, 'uz', '3 xona'),
(558, 'en', NULL),
(558, 'ru', '4 комн.'),
(558, 'uz', '4 xona'),
(559, 'en', NULL),
(559, 'ru', '5 комн. и больше '),
(559, 'uz', '5 xona yoki ko\'p'),
(560, 'en', NULL),
(560, 'ru', 'Площадь '),
(560, 'uz', 'Yuza'),
(561, 'en', NULL),
(561, 'ru', 'Все'),
(561, 'uz', 'Barchasi'),
(562, 'en', NULL),
(562, 'ru', 'Этаж'),
(562, 'uz', 'Qavat'),
(563, 'en', NULL),
(563, 'ru', ' Наш проект'),
(563, 'uz', 'Bizning loyiha'),
(564, 'en', NULL),
(564, 'ru', 'Сбросить всё'),
(564, 'uz', 'Сбросить всё'),
(565, 'en', NULL),
(565, 'ru', 'Показать квартиры'),
(565, 'uz', 'Показать квартиры'),
(566, 'en', NULL),
(566, 'ru', 'Корпус'),
(566, 'uz', 'Bino'),
(567, 'en', NULL),
(567, 'ru', 'Комнат'),
(567, 'uz', 'Комнат'),
(568, 'en', 'Отделка'),
(568, 'ru', 'Отделка'),
(568, 'uz', 'Отделка'),
(569, 'en', 'Стоимость'),
(569, 'ru', 'Стоимость'),
(569, 'uz', 'Стоимость'),
(570, 'en', 'Забронировать'),
(570, 'ru', 'Забронировать'),
(570, 'uz', 'Забронировать'),
(571, 'en', NULL),
(571, 'ru', 'Скачать планировки'),
(571, 'uz', 'Скачать планировки'),
(572, 'en', NULL),
(572, 'ru', 'Информация о клиенте'),
(572, 'uz', 'Информация о клиенте'),
(573, 'en', NULL),
(573, 'ru', 'Эта квартира была забронирована'),
(573, 'uz', 'Ushbu kvartira band qilingan'),
(574, 'en', NULL),
(574, 'ru', 'Отменить бронирование'),
(574, 'uz', 'Отменить бронирование'),
(575, 'en', NULL),
(575, 'ru', 'Вы действительно хотите отменить бронирование'),
(575, 'uz', 'Вы действительно хотите отменить бронирование'),
(576, 'en', NULL),
(576, 'ru', 'Эта квартира не была забронирована'),
(576, 'uz', 'Эта квартира не была забронирована'),
(577, 'en', NULL),
(577, 'ru', 'Забронировано'),
(577, 'uz', 'Забронировано'),
(578, 'en', NULL),
(578, 'ru', 'Расположение'),
(578, 'uz', 'Joylashuv'),
(579, 'en', NULL),
(579, 'ru', 'Контакты'),
(579, 'uz', 'Aloqalar'),
(580, 'en', NULL),
(580, 'ru', 'Наш офис'),
(580, 'uz', 'Bizning offis'),
(581, 'en', '100074, Tashkent, Olmazor district, st. Farabi, 360'),
(581, 'ru', '100074, г. Ташкент, Олмазорский район, ул. Фараби, д.360'),
(581, 'uz', '100074, г. Toshkent, Olmazor tumani, Forobiy ko\'chasi, 360-uy'),
(582, 'en', 'Mon - Fri, from 09:00 to 18:00'),
(582, 'ru', 'Пн - Пт, с 09:00 до 18:00'),
(582, 'uz', 'Dush. - Juma, 09:00 dan 18:00 gacha'),
(583, 'en', NULL),
(583, 'ru', 'Мы в соц. сетях'),
(583, 'uz', 'Biz ijt. tarmoqda'),
(584, 'en', NULL),
(584, 'ru', 'Спасибо, что оставили свою информацию. Мы свяжемся с вами как можно скорее!'),
(584, 'uz', 'Ma\'lumotlaringizni qoldirganingiz uchun tashakkur. Siz bilan eng qisqa vaqt ichida bog\'lanamiz!'),
(585, 'en', NULL),
(585, 'ru', 'Слайдер проекта'),
(585, 'uz', 'Loyiha uchun slayder'),
(586, 'en', NULL),
(586, 'ru', 'Описание Проекта'),
(586, 'uz', 'Loyiha tavsifi'),
(587, 'en', NULL),
(587, 'ru', 'Комнаты'),
(587, 'uz', 'Xonalar'),
(588, 'en', NULL),
(588, 'ru', 'Кол-во комнат'),
(588, 'uz', 'Xonalar soni'),
(589, 'en', 'Тип отделки'),
(589, 'ru', 'Тип отделки'),
(589, 'uz', 'Тип отделки'),
(590, 'en', NULL),
(590, 'ru', 'Другие проекты'),
(590, 'uz', 'Boshqa loyihalar'),
(591, 'en', NULL),
(591, 'ru', 'Заказать обратный звонок'),
(591, 'uz', 'Qayta qo\'ng\'iroqni so\'rang'),
(592, 'en', NULL),
(592, 'ru', 'Обратный звонок'),
(592, 'uz', 'Orqaga qo\'ng\'iroq'),
(593, 'en', 'Thus, the beginning of daily work on the formation of a position allows you to carry out important tasks to develop further directions of development.'),
(593, 'ru', 'Таким образом начало повседневной работы по формированию позиции позволяет выполнять важные задания по разработке дальнейших направлений развития.'),
(593, 'uz', 'Shunday qilib, pozitsiyani shakllantirish bo\'yicha kundalik ishlarning boshlanishi rivojlanishning keyingi yo\'nalishlarini ishlab chiqish uchun muhim vazifalarni bajarishga imkon beradi.'),
(594, 'en', 'Our projects <br>in sale'),
(594, 'ru', 'Наши проекты <br>на продажу'),
(594, 'uz', 'Bizning sotuvdagi <br>loyihalarimiz'),
(595, 'en', NULL),
(595, 'ru', 'Вы можете скачать наше приложение'),
(595, 'uz', 'Siz bizning dasturimizni yuklab olishingiz mumkin'),
(596, 'en', NULL),
(596, 'ru', 'Текст'),
(596, 'uz', 'Matn'),
(597, 'en', 'Adverts.'),
(597, 'ru', 'Реклама'),
(597, 'uz', 'Reklama'),
(598, 'en', NULL),
(598, 'ru', 'Администрация'),
(598, 'uz', 'Администрация'),
(599, 'en', NULL),
(599, 'ru', 'Войдите, чтобы начать сеанс'),
(599, 'uz', 'Войдите, чтобы начать сеанс'),
(600, 'en', NULL),
(600, 'ru', 'Добро пожаловать'),
(600, 'uz', 'Xush kelibsiz'),
(601, 'en', NULL),
(601, 'ru', ' Другие новости'),
(601, 'uz', 'Boshqa yangiliklar'),
(602, 'en', NULL),
(602, 'ru', 'В разработке'),
(602, 'uz', 'Tayyorlanmoqda'),
(603, 'en', NULL),
(603, 'ru', 'Иконки проекта'),
(603, 'uz', 'Иконки проекта'),
(604, 'en', 'ddd'),
(604, 'ru', 'Иконка проекта'),
(604, 'uz', 'Иконка проекта'),
(606, 'ru', 'Факультет'),
(606, 'uz', 'Fakultet'),
(607, 'ru', 'Направление'),
(607, 'uz', 'Yo\'nalish'),
(608, 'ru', 'Группа'),
(608, 'uz', 'Guruh'),
(609, 'ru', 'Кафедра '),
(609, 'uz', 'Kafedra'),
(610, 'en', 'University'),
(610, 'ru', 'Университет'),
(610, 'uz', 'Universitet'),
(611, 'en', 'ConfirmedBy'),
(611, 'ru', 'Кто подтвердил'),
(611, 'uz', 'Ким тасдиқлади'),
(612, 'en', 'UpdatedBy'),
(612, 'ru', 'Кто редактировал'),
(612, 'uz', 'Kim tomonidan tahrirlandi'),
(613, 'en', 'UpdatedBy'),
(613, 'ru', 'Кто подтвердил'),
(613, 'uz', 'Kim tastiqladi'),
(614, 'en', 'CreatedBy'),
(614, 'ru', 'Кто это создал'),
(614, 'uz', 'Kim tomonidan qo\'shildi'),
(615, 'en', ' CreatedBy'),
(615, 'ru', 'Кто это создал'),
(615, 'uz', 'Kim tomonidan qo\'shildi'),
(616, 'en', 'Course'),
(616, 'ru', 'Курс'),
(616, 'uz', 'Kurs'),
(617, 'en', 'Semester'),
(617, 'ru', 'Семестр'),
(617, 'uz', 'Semestr'),
(618, 'en', 'Students'),
(618, 'ru', 'Студенты'),
(618, 'uz', 'Talabalar'),
(619, 'en', 'Teachers'),
(619, 'ru', 'Учителья'),
(619, 'uz', 'O\'qituvchilar'),
(620, 'en', 'Subjects'),
(620, 'ru', 'Предметы'),
(620, 'uz', 'Fanlar'),
(621, 'en', 'Test'),
(621, 'ru', 'Тест'),
(621, 'uz', 'Test'),
(622, 'en', 'Incorrect phone number or password'),
(622, 'ru', 'Неверный номер телефона или пароль'),
(622, 'uz', 'Noto\'g\'ri telefon raqam yoki parol'),
(623, 'en', 'Are you sure you want to delete this item ?'),
(623, 'ru', 'Вы уверены, что хотите удалить этот элемент ?'),
(623, 'uz', 'Siz rostdan ham ushbu elementni o\'chirishni xoxlaysizmi ?'),
(624, 'en', 'Permission'),
(624, 'ru', 'Разрешение'),
(624, 'uz', 'Ruxsat'),
(625, 'en', 'Roles'),
(625, 'ru', 'Роли'),
(625, 'uz', 'Rollar'),
(626, 'en', 'To change the password, type the new password here. If you leave this field empty, the password will not change!'),
(626, 'ru', 'Чтобы изменить пароль, введите здесь новый пароль. Если вы оставите это поле пустым, пароль не изменится!'),
(626, 'uz', 'Parolni o\'zgartirish uchun bu yerga yangi parolni yozing. Ushbu maydonni bo\'sh qoldirsangiz, parol o\'zgarmaydi!'),
(627, 'en', 'Free'),
(627, 'ru', 'Бесплатно'),
(627, 'uz', 'Bepul'),
(628, 'en', 'Form of education'),
(628, 'ru', 'Форма обучения'),
(628, 'uz', 'Ta\'lim shakli'),
(629, 'en', 'Type of education'),
(629, 'ru', 'Тип образования'),
(629, 'uz', 'Ta\'lim turi'),
(630, 'en', 'Maximum score'),
(630, 'ru', 'Максимальный балл'),
(630, 'uz', 'Maksimal ball'),
(631, 'en', 'Number of attempts'),
(631, 'ru', 'Количество попыток'),
(631, 'uz', 'Urunishlar soni'),
(632, 'en', 'Test language'),
(632, 'ru', 'Тестовый язык'),
(632, 'uz', 'Test tili'),
(633, 'en', 'Type of control'),
(633, 'ru', 'Тип управления'),
(633, 'uz', 'Nazorat turi'),
(635, 'en', 'Number to be taken from the new test'),
(635, 'ru', 'Число, которое нужно взять из нового теста'),
(635, 'uz', 'Yangi testdan olinadigan soni'),
(636, 'en', 'The number to be taken from the old test'),
(636, 'ru', 'Число, которое нужно взять из старого теста'),
(636, 'uz', 'Eski testdan olingan soni'),
(637, 'en', 'Test Type'),
(637, 'ru', 'Тип теста'),
(637, 'uz', 'Test turi'),
(638, 'en', 'Number of tests'),
(638, 'ru', 'Количество тестов'),
(638, 'uz', 'Testlar soni'),
(639, 'en', 'Show answers'),
(639, 'ru', 'Показать ответы'),
(639, 'uz', 'Javoblarni ko\'rsatish'),
(640, 'en', 'Duration of time (min)'),
(640, 'ru', 'Продолжительность времени (мин)'),
(640, 'uz', 'Vaqt davomiyligi (min)'),
(641, 'en', 'Start time'),
(641, 'ru', 'Время начала'),
(641, 'uz', 'Boshlanish vaqti'),
(642, 'en', 'End time'),
(642, 'ru', 'Время окончания'),
(642, 'uz', 'Tugash vaqti'),
(643, 'en', 'Open test'),
(643, 'ru', 'Открытый тест'),
(643, 'uz', 'Ochiq test'),
(644, 'en', 'Closed test'),
(644, 'ru', 'Закрытый тест'),
(644, 'uz', 'Yopiq testi'),
(645, 'en', 'Bachelor'),
(645, 'ru', 'Бакалавр'),
(645, 'uz', 'Bakalavr'),
(646, 'en', 'Magister'),
(646, 'ru', 'Магистр'),
(646, 'uz', 'Magistr'),
(647, 'en', 'Daytime'),
(647, 'ru', 'Очное обучение'),
(647, 'uz', 'Kunduzgi'),
(648, 'en', 'Evening classes'),
(648, 'ru', 'Вечернее обучение'),
(648, 'uz', 'Kechki'),
(649, 'en', 'Distance learning'),
(649, 'ru', 'Заочное обучение'),
(649, 'uz', 'Sirtqi'),
(650, 'en', 'Intermediate control'),
(650, 'ru', 'Промежуточный контроль'),
(650, 'uz', 'Oraliq nazorat'),
(651, 'en', 'Final control'),
(651, 'ru', 'Итоговый контроль'),
(651, 'uz', 'Yakuniy nazorat'),
(652, 'en', 'The sum of the number of new and previous tests should be equal to the total number of questions'),
(652, 'ru', 'Сумма количества новых и предыдущих тестов должна быть равна общему количеству вопросов.'),
(652, 'uz', 'Yangi va oldingi testlar soni yeg\'indisi umumiy savol soniga teng bo\'lishi lozim'),
(653, 'en', 'Upload a file'),
(653, 'ru', 'Загрузить файл'),
(653, 'uz', 'Fayl yuklash'),
(654, 'en', 'Paid'),
(654, 'ru', 'Платный '),
(654, 'uz', 'Pullik'),
(655, 'en', 'Test results'),
(655, 'ru', 'Результаты теста'),
(655, 'uz', 'Test natijalari'),
(656, 'en', 'Balance'),
(656, 'ru', 'Баланс'),
(656, 'uz', 'Balans'),
(657, 'en', 'Complete the account'),
(657, 'ru', 'Пополнить счет'),
(657, 'uz', 'Hisobni to\'ldirish'),
(658, 'en', 'Current balance'),
(658, 'ru', 'Текущий баланс'),
(658, 'uz', 'Hozirgi balansi'),
(659, 'en', 'Select'),
(659, 'ru', 'Выбирать'),
(659, 'uz', 'Tanlang'),
(660, 'en', 'Income'),
(660, 'ru', 'Доход'),
(660, 'uz', 'Kirim'),
(661, 'en', 'Expense'),
(661, 'ru', 'Расход'),
(661, 'uz', 'Chiqim'),
(662, 'en', 'Fee for the test'),
(662, 'ru', 'Плата за тест'),
(662, 'uz', 'Test uchun to\'lov'),
(663, 'en', 'Reduced by admin'),
(663, 'ru', 'Уменьшено администратором'),
(663, 'uz', 'Admin tomonidan kamaytirildi'),
(664, 'en', 'Filled by admin'),
(664, 'ru', 'Заполнил администратор'),
(664, 'uz', 'Admin tomonidan to\'ldirildi'),
(665, 'en', 'Initial balance'),
(665, 'ru', 'Начальный баланс'),
(665, 'uz', 'Boshlang\'ich balans'),
(666, 'en', 'Amount of money'),
(666, 'ru', 'Количество денег'),
(666, 'uz', 'Pul miqdori'),
(667, 'en', 'Customer'),
(667, 'ru', 'Клиент'),
(667, 'uz', 'Mijoz'),
(668, 'en', 'The password is incorrect'),
(668, 'ru', 'Неправильный пароль'),
(668, 'uz', 'Parol noto\'g\'ri'),
(669, 'en', 'Reason'),
(669, 'ru', 'Причина'),
(669, 'uz', 'Sabab'),
(670, 'en', 'Total'),
(670, 'ru', 'Общий'),
(670, 'uz', 'Jami'),
(671, 'en', 'Token'),
(671, 'ru', 'Токен'),
(671, 'uz', 'Token'),
(672, 'en', 'District'),
(672, 'ru', 'Округ или город'),
(672, 'uz', 'Tuman yoki shahar'),
(673, 'en', 'Type of passport'),
(673, 'ru', 'Тип паспорта'),
(673, 'uz', 'Pasport turi'),
(674, 'en', 'Passport number'),
(674, 'ru', 'Номер паспорта'),
(674, 'uz', 'Pasport raqami'),
(675, 'en', 'Passport series'),
(675, 'ru', 'Паспорт серии'),
(675, 'uz', 'Pasport seriyasi'),
(676, 'en', 'Date of birth'),
(676, 'ru', 'Дата рождения'),
(676, 'uz', 'Tug\'ilgan sana'),
(677, 'en', 'Full Name'),
(677, 'ru', 'Ф И О'),
(677, 'uz', 'F I SH'),
(678, 'en', 'Jshshire'),
(678, 'ru', 'ЖШШИР'),
(678, 'uz', 'JShShIR'),
(679, 'en', 'This login has already been reserved.'),
(679, 'ru', 'Этот логин уже зарезервирован.'),
(679, 'uz', 'Ushbu login avvalroq band qilingan.'),
(680, 'en', 'Off'),
(680, 'ru', 'Выключенный'),
(680, 'uz', 'O\'chirilgan'),
(681, 'en', 'Error creating user balance'),
(681, 'ru', 'Ошибка создания баланса пользователя.'),
(681, 'uz', 'Foydalanuvchini balansi yaratishda xatolik'),
(682, 'en', 'Cancel'),
(682, 'ru', 'Отмена'),
(682, 'uz', 'Bekor qilish'),
(683, 'en', 'User role'),
(683, 'ru', 'Роль пользователя'),
(683, 'uz', 'Foydalanuvchi roli'),
(684, 'en', 'User Device'),
(684, 'ru', 'Пользовательское устройство'),
(684, 'uz', 'Foydalanuvchi qurilmasi'),
(685, 'en', 'User Balance'),
(685, 'ru', 'Баланс пользователя'),
(685, 'uz', 'Foydalanuvchi balansi'),
(686, 'en', 'Test Result'),
(686, 'ru', 'Результат испытаний'),
(686, 'uz', 'Test natijasi'),
(687, 'en', 'Device Name'),
(687, 'ru', 'Имя устройства'),
(687, 'uz', 'Qurilma nomi'),
(688, 'en', 'Device Id'),
(688, 'ru', 'Идентификатор устройства'),
(688, 'uz', 'Qurilma id'),
(689, 'en', 'Found correctly'),
(689, 'ru', 'Найден правильно'),
(689, 'uz', 'To\'g\'ri topildi'),
(690, 'en', 'Question'),
(690, 'ru', 'Вопрос'),
(690, 'uz', 'Savol'),
(691, 'en', 'Answer'),
(691, 'ru', 'Отвечать'),
(691, 'uz', 'Javob'),
(692, 'en', 'Area settings'),
(692, 'ru', 'Настройки области'),
(692, 'uz', 'Hudud sozlamalari'),
(693, 'en', 'Finance'),
(693, 'ru', 'Финансы'),
(693, 'uz', 'Moliya'),
(694, 'en', 'Reports'),
(694, 'ru', 'Отчеты'),
(694, 'uz', 'Hisobotlar'),
(695, 'en', 'User payments'),
(695, 'ru', 'Платежи пользователей'),
(695, 'uz', 'Foydalanuvchi to\'lovlari'),
(696, 'en', 'Result not found'),
(696, 'ru', 'Результат не найден'),
(696, 'uz', 'Natija topilmadi'),
(697, 'en', 'Enter the device ID number'),
(697, 'ru', 'Введите идентификационный номер устройства'),
(697, 'uz', 'Qurilma ID raqamini kiriting'),
(698, 'en', 'Device not found'),
(698, 'ru', 'Устройство не найдено'),
(698, 'uz', 'Qurilma topilmadi'),
(699, 'en', 'You have an incomplete test'),
(699, 'ru', 'У вас неполный тест'),
(699, 'uz', 'Sizda tugalanmagan test mavjud'),
(700, 'en', 'You do not have access to this test'),
(700, 'ru', 'У вас нет доступа к этому тесту'),
(700, 'uz', 'Sizda bu testga ruxsat yo\'q'),
(701, 'en', 'Your balance is insufficient'),
(701, 'ru', 'Ваш баланс недостаточен'),
(701, 'uz', 'Balansingizda mablag\' yetarli emas'),
(702, 'en', 'You have no attempts left!'),
(702, 'ru', 'У вас не осталось попыток!'),
(702, 'uz', 'Sizda urinishlar soni qolmadi!'),
(703, 'en', 'There is currently no active test!'),
(703, 'ru', 'На данный момент нет активного теста!'),
(703, 'uz', 'Hozirda faol test mavjud emas!'),
(704, 'en', 'Error saving results!'),
(704, 'ru', 'Ошибка сохранения результатов!'),
(704, 'uz', 'Natijalarni saqlashda xatolik yuz berdi!'),
(705, 'en', 'There was an error in withdrawing money from the balance!'),
(705, 'ru', 'Произошла ошибка при снятии денег с баланса!'),
(705, 'uz', 'Balansdan pul yechishda xatolik yuz berdi!');
INSERT INTO `message` (`id`, `language`, `translation`) VALUES
(706, 'en', 'Test result item not found.'),
(706, 'ru', 'Элемент результата теста не найден.'),
(706, 'uz', 'Test natija elementi topilmadi.'),
(707, 'en', 'System Users'),
(707, 'ru', 'Пользователи системы'),
(707, 'uz', 'Tizim foydalanuvchilari'),
(708, 'en', 'Payment type'),
(708, 'ru', 'Способ оплаты'),
(708, 'uz', 'To\'lov turi'),
(709, 'en', 'Test sale'),
(709, 'ru', 'Тестовые продажи'),
(709, 'uz', 'Test sotuvlari'),
(710, 'en', 'Count'),
(710, 'ru', 'Считать'),
(710, 'uz', 'Soni'),
(711, 'en', 'Questions'),
(711, 'ru', 'Вопросы'),
(711, 'uz', 'Savollar'),
(712, 'en', 'Percentage'),
(712, 'ru', 'Процент'),
(712, 'uz', 'Foiz'),
(713, 'en', 'Gender'),
(713, 'ru', 'Пол'),
(713, 'uz', 'Jinsi');

-- --------------------------------------------------------

--
-- Table structure for table `message_category`
--

CREATE TABLE `message_category` (
  `id` int(11) NOT NULL,
  `name` varchar(255) NOT NULL
) ENGINE=InnoDB DEFAULT CHARSET=utf8;

--
-- Dumping data for table `message_category`
--

INSERT INTO `message_category` (`id`, `name`) VALUES
(1, 'app'),
(4, 'frontend'),
(5, 'month');

-- --------------------------------------------------------

--
-- Table structure for table `source_message`
--

CREATE TABLE `source_message` (
  `id` int(11) NOT NULL,
  `category` varchar(255) COLLATE utf8_unicode_ci DEFAULT NULL,
  `message` text COLLATE utf8_unicode_ci
) ENGINE=InnoDB DEFAULT CHARSET=utf8 COLLATE=utf8_unicode_ci;

--
-- Dumping data for table `source_message`
--

INSERT INTO `source_message` (`id`, `category`, `message`) VALUES
(2, 'app', 'Home'),
(7, 'app', 'Name'),
(8, 'app', 'Category'),
(25, 'app', 'Title'),
(27, 'app', 'Page'),
(28, 'app', 'Post'),
(29, 'app', 'Template'),
(30, 'app', 'Other'),
(31, 'app', 'Select a url type'),
(32, 'app', 'Translation'),
(33, 'app', 'Create Post'),
(34, 'app', 'Date'),
(35, 'app', 'Content'),
(36, 'app', 'Active'),
(37, 'app', 'Inactive'),
(38, 'app', 'Status'),
(39, 'app', 'User ID'),
(40, 'app', 'Posts'),
(41, 'app', 'Update'),
(42, 'app', 'Created At'),
(43, 'app', 'Update Post'),
(44, 'app', 'uz'),
(45, 'app', 'ru'),
(46, 'app', 'en'),
(47, 'app', 'Pages'),
(48, 'app', 'Create Page'),
(49, 'app', 'Identifikator'),
(50, 'app', 'Updated At'),
(51, 'app', 'Save'),
(52, 'app', '01'),
(53, 'app', '02'),
(54, 'app', '03'),
(55, 'app', '04'),
(56, 'app', '05'),
(57, 'app', '06'),
(58, 'app', '07'),
(59, 'app', '08'),
(60, 'app', '09'),
(61, 'app', '10'),
(62, 'app', '11'),
(63, 'app', '12'),
(64, 'app', 'Image'),
(65, 'app', 'Change Date'),
(66, 'app', 'Fish'),
(67, 'app', 'info'),
(70, 'app', 'Create new'),
(71, 'app', 'Main image'),
(73, 'app', 'Adress'),
(74, 'app', 'Director'),
(80, 'app', 'Error'),
(82, 'app', 'Document'),
(83, 'app', 'Documents'),
(85, 'app', 'Read more'),
(100, 'app', 'Page not found!'),
(101, 'app', 'Disabled'),
(103, 'app', 'Manzil'),
(104, 'app', 'Tel.'),
(105, 'app', 'Download'),
(108, 'app', 'Familiya Ism Sharifingiz'),
(109, 'app', 'Email manzilingiz'),
(110, 'app', 'Your phone number'),
(113, 'app', 'Send'),
(117, 'app', 'New'),
(118, 'app', 'Tasdiqlash'),
(119, 'app', 'Tasdiqlangan'),
(126, 'app', 'Contact'),
(127, 'app', 'Siz hech qanday xabar yozmadingiz!'),
(132, 'app', 'Close'),
(147, 'app', 'Qidirish'),
(149, 'app', 'Qidiruv natijalari'),
(150, 'app', 'No result'),
(152, 'app', 'Post Categories'),
(154, 'app', 'Search'),
(161, 'app', 'Idn'),
(162, 'app', 'Catalogs'),
(163, 'app', 'Signup'),
(166, 'app', 'This field is required.'),
(167, 'app', 'Bunday nomli tashkilot avval ro\'yxatdan o\'tgan.'),
(168, 'app', 'Tashkilot nomi'),
(169, 'app', 'Telefon'),
(170, 'app', 'Login'),
(171, 'app', 'Email'),
(172, 'app', 'Ism'),
(174, 'app', 'Password'),
(175, 'app', 'Password2'),
(176, 'app', 'Siz muvaffaqiyatli ro\'yxatdan o\'tdingiz. Sayt administratori tez orada siz bilan bog\'lanadi'),
(177, 'app', 'Ro\'yxatdan o\'tishda xatolik yuz berdi'),
(178, 'app', 'Your Email'),
(179, 'app', 'Enter the password'),
(180, 'app', 'Parolni qayta kiriting'),
(181, 'app', 'Tasdiqlash'),
(182, 'app', 'Are you sure?'),
(183, 'app', 'Siz rostdan ham ushbu foydalanuvchini ma\'lumotini tasdqilaysizmi?'),
(184, 'app', 'Registration time'),
(185, 'app', 'Login or Signup'),
(186, 'app', 'Forget Password?'),
(187, 'app', 'Remember me'),
(188, 'app', 'Kirish'),
(189, 'app', 'Akaunt yo\'qmi?'),
(190, 'app', 'Incorrect username or password.'),
(191, 'app', 'Request password reset'),
(192, 'app', 'Please fill out your login and email. A link to reset password will be sent there.'),
(193, 'app', 'There is no user with this email address.'),
(194, 'app', 'Sorry, we are unable to reset password for the provided email address.'),
(195, 'app', 'Parolni qayta tiklash so\'rovi emailingizga yuborildi.'),
(196, 'app', 'New password saved.'),
(197, 'app', 'Reset password'),
(198, 'app', 'Incorrect username or email.'),
(199, 'app', 'Please choose your new password'),
(200, 'app', 'Password reset token cannot be blank.'),
(201, 'app', 'Wrong password reset token.'),
(202, 'app', 'Shaxsiy kabinet'),
(203, 'app', 'Yuridik nomi'),
(204, 'app', 'Mas\'ul shaxs'),
(205, 'app', 'Lavozim'),
(206, 'app', 'Korxona haqida'),
(207, 'app', 'Products'),
(208, 'app', 'Add new product'),
(209, 'app', 'Update Data'),
(210, 'app', 'Founded'),
(211, 'app', 'Faoliyat turi'),
(212, 'app', 'Asosiy ma\'lumotlar'),
(213, 'app', 'Qo\'shimcha ma\'lumotlar'),
(214, 'app', 'Submit'),
(215, 'app', 'Select Date'),
(216, 'app', 'Logo'),
(217, 'app', 'Update Image'),
(218, 'app', 'Select Image'),
(219, 'app', 'Product Name'),
(220, 'app', 'Sub Catalog'),
(221, 'app', 'Miqdori'),
(222, 'app', 'Cost'),
(223, 'app', 'Short Text'),
(224, 'app', 'Description'),
(225, 'app', 'Select a SubCatalog'),
(226, 'app', 'Select a catalog...'),
(227, 'app', 'Catalog'),
(228, 'app', 'Agar mahsulot tugagan bo\'lsa 0 yozing'),
(229, 'app', 'Edit product'),
(230, 'app', 'Delete'),
(231, 'app', 'Add Image'),
(232, 'app', 'Add Image for Product'),
(233, 'app', 'Yetkazuvchi'),
(234, 'app', 'Sotuvda bor'),
(235, 'app', 'Sotuvda yo\'q'),
(236, 'app', 'Total sum'),
(237, 'app', 'Order Count'),
(238, 'app', 'Coments'),
(239, 'app', 'Comments'),
(240, 'app', 'No comments'),
(241, 'app', 'Add comment'),
(242, 'app', 'Baholang'),
(243, 'app', 'Your comment'),
(244, 'app', 'Your name'),
(245, 'app', 'Ismingizni yozing'),
(246, 'app', 'Sizning Fikringiz Yuborildi'),
(247, 'app', 'Product'),
(248, 'app', 'Siz rostdan ham ushbu fikrni tasdqilaysizmi?'),
(249, 'app', 'Message'),
(250, 'app', 'All images'),
(251, 'app', 'Main image'),
(252, 'app', 'Set as main'),
(253, 'app', 'Siz rostdan ham ushbu rasmni o\'chirmoqchimisiz?'),
(254, 'app', 'Username'),
(255, 'app', 'All catalogs'),
(256, 'app', 'All products and Services'),
(257, 'app', 'Filter by cost'),
(258, 'app', 'from'),
(259, 'app', 'to'),
(260, 'app', 'so\'m'),
(261, 'app', 'Filter by category'),
(262, 'app', 'All products'),
(263, 'app', 'Filtrlash'),
(264, 'app', 'All farms'),
(265, 'app', 'Birlashmadagi barcha korxonalar'),
(266, 'app', 'Yuridik manzil'),
(267, 'app', 'Korxonaning mahsulotlari va xizmatlari'),
(268, 'app', 'Send request'),
(269, 'app', 'Filter'),
(270, 'app', 'Products and Services'),
(271, 'app', 'Buyurtma berish'),
(272, 'app', 'Mening savatcham'),
(273, 'app', 'Product type'),
(274, 'app', 'Nomi'),
(275, 'app', 'Write your data'),
(276, 'app', 'So`rovingiz jo`natildi'),
(277, 'app', 'Kerakli maydonlarni to`ldiring'),
(278, 'app', 'New farmers'),
(279, 'app', 'Products and Services of our manufacturers'),
(280, 'app', 'Мы ждем, чтобы помочь вам ..'),
(281, 'app', 'Contact message'),
(282, 'app', 'Tema'),
(283, 'app', 'Kontakt sahifasidagi 2-yozuv'),
(284, 'app', 'About us'),
(285, 'app', 'Приемущество'),
(286, 'app', 'About text'),
(287, 'app', 'Прогнозирование рынков'),
(288, 'app', 'Прогнозирование рынков текст'),
(289, 'app', 'Креативная стратегия'),
(290, 'app', 'Креативная стратегия текст'),
(291, 'app', 'Много профессионалов'),
(292, 'app', 'Много профессионалов текст'),
(293, 'app', 'Для тех, кому нужен специалист'),
(294, 'app', 'Для тех, кому нужен специалист текст'),
(295, 'app', 'Для специалистов, которым нужна работа'),
(296, 'app', 'Для специалистов, которым нужна работа текст'),
(297, 'app', 'Продавцам продавать продуктов'),
(307, 'app', 'Personal info'),
(308, 'app', 'Order'),
(309, 'app', 'Farms'),
(310, 'app', 'salom'),
(311, 'app', 'No new messages'),
(312, 'app', 'You have {0} new messages'),
(313, 'app', 'All messages'),
(314, 'app', 'Profile'),
(315, 'app', 'Logout'),
(316, 'app', 'Main data'),
(317, 'app', 'Menu'),
(322, 'app', 'Vacants'),
(323, 'app', 'Partners'),
(324, 'app', 'Media'),
(325, 'app', 'Translations'),
(326, 'app', 'Value'),
(327, 'app', 'With selected'),
(328, 'app', 'Barchasini o\'chirish'),
(329, 'app', 'Siz rostdanham ushbu elementlarni o\'chirmoqchimisiz?'),
(330, 'app', 'Bo\'lim nomi'),
(331, 'app', 'Tel'),
(332, 'app', 'Tajriba'),
(333, 'app', 'Partner'),
(334, 'app', 'Image or video'),
(335, 'app', 'Video'),
(336, 'app', 'Tahrirlash'),
(337, 'app', 'Ko\'rish'),
(338, 'app', 'O\'chirish'),
(339, 'app', 'Yopish'),
(340, 'app', 'Hujjat nomi'),
(341, 'app', 'File'),
(342, 'app', 'Languages'),
(343, 'app', 'Messages'),
(344, 'app', 'Messages and appeals'),
(345, 'app', 'Siz rostdanham ushbu elementni o\'chirmoqchimisiz?'),
(346, 'app', 'Type'),
(347, 'app', 'Appeal'),
(348, 'app', 'Lastname'),
(349, 'app', 'Change password'),
(350, 'app', 'Repeat new password'),
(351, 'app', 'New password'),
(352, 'app', 'Current password'),
(353, 'app', 'Current login'),
(354, 'app', 'Change login'),
(355, 'app', 'Aloqa'),
(356, 'app', 'Interactive service'),
(357, 'app', 'Site sections'),
(358, 'app', 'Url Type'),
(359, 'app', 'Url Value'),
(360, 'app', 'Kelishuvlar'),
(361, 'app', 'Measures'),
(362, 'app', 'Currency'),
(363, 'app', 'Users'),
(364, 'app', 'Create More'),
(365, 'app', 'Main section'),
(366, 'app', 'Change user password'),
(367, 'app', 'Lock user'),
(368, 'app', 'Unlock user'),
(369, 'app', 'Change'),
(370, 'app', 'User'),
(371, 'app', 'Change status'),
(372, 'app', 'Measure'),
(373, 'app', 'Amount'),
(374, 'app', 'Buyurtmachi'),
(375, 'app', 'Time'),
(376, 'app', 'Buyurtma miqdori'),
(377, 'app', 'Jami narx'),
(378, 'app', 'Mahsulotlar soni'),
(379, 'app', 'Subcatalogs'),
(380, 'app', 'Post category'),
(381, 'app', 'Post count'),
(382, 'app', 'Write your information'),
(383, 'app', 'Select a catgory...'),
(384, 'app', 'Select a page...'),
(385, 'app', 'Select a section'),
(386, 'app', 'List all catalogs'),
(387, 'app', 'This login has already been taken.'),
(388, 'app', 'This email address has already been taken.'),
(390, 'app', 'This phone number has already been taken'),
(391, 'app', 'User not found'),
(392, 'app', 'Welcome to our online store!'),
(393, 'app', 'Invalid phone number'),
(394, 'app', 'or'),
(395, 'app', 'Don’t have an Account?'),
(396, 'app', 'Register now!'),
(397, 'app', 'Your lastname'),
(398, 'app', 'Enter the password again'),
(399, 'app', 'Enter the phone number with the operator code.'),
(400, 'app', 'Example'),
(401, 'app', 'The re-entered password does not match'),
(402, 'app', 'Password should contain at least 5 characters'),
(403, 'app', 'An error occurred'),
(404, 'app', 'Verification code has been expired'),
(405, 'app', 'Verification code has not been expired'),
(406, 'app', 'Activate account'),
(407, 'app', 'Enter the code sent to your phone number'),
(408, 'app', 'Send'),
(409, 'app', 'Resend code'),
(410, 'app', 'This product is already in the wish list'),
(411, 'app', 'The product has been added to the wishlist'),
(412, 'app', 'The product has been removed from the wishlist'),
(413, 'app', 'Incorrect verification code'),
(414, 'app', 'Congratulations. Your account has been successfully activated'),
(415, 'app', 'Incorrect verification code. Repeat again.'),
(416, 'app', 'Login to the site'),
(417, 'app', 'Enter your phone number and password to access the site'),
(418, 'app', 'Phone number'),
(419, 'app', 'Remeber me'),
(420, 'app', 'Enter'),
(421, 'app', 'Register'),
(422, 'app', 'Incorrect phone number or password'),
(423, 'app', 'Please fill out your phone number. A code to reset password will be sent to your number.'),
(424, 'app', 'This phone number is not registered'),
(425, 'app', 'Your password has been changed successfully'),
(426, 'app', 'Set new password'),
(427, 'app', 'Congratulations!'),
(428, 'app', 'New cost'),
(429, 'app', 'Sort'),
(430, 'app', '{0} products per page'),
(431, 'app', 'Cost. Low to high'),
(432, 'app', 'Cost. High to low'),
(433, 'app', 'Latest products'),
(434, 'app', 'Add to cart'),
(435, 'app', 'Added to cart'),
(436, 'app', 'There are no products in your shopping cart'),
(437, 'app', 'Availability'),
(438, 'app', 'Add to Wishlist'),
(439, 'app', 'You need to register to perform this action'),
(440, 'app', 'You may also like'),
(441, 'app', 'Shopping cart'),
(442, 'app', 'Total price'),
(443, 'app', 'View cart'),
(444, 'app', 'Checkout'),
(445, 'app', 'Check out'),
(446, 'app', 'You have to login to check out'),
(447, 'app', 'Your region'),
(448, 'app', 'You have ordered the following products'),
(449, 'app', 'Your order has been accepted'),
(450, 'app', 'New products'),
(451, 'app', 'Hit products'),
(452, 'app', 'Recommended'),
(453, 'app', 'Categories'),
(454, 'app', 'My orders'),
(455, 'app', 'Language'),
(456, 'app', 'sum'),
(457, 'app', 'Subscribe to our newsletter'),
(458, 'app', 'New products, special promotions and discounts.'),
(459, 'app', 'All categories'),
(460, 'app', 'Product name'),
(461, 'app', 'Search results'),
(462, 'app', 'Product categories'),
(463, 'app', 'Post categories'),
(464, 'app', 'Size'),
(465, 'app', 'Style'),
(466, 'app', 'Special'),
(467, 'app', 'Shape'),
(468, 'app', 'Create Product'),
(469, 'app', 'Sizes'),
(470, 'app', 'Additional data'),
(471, 'app', 'Height'),
(472, 'app', 'Width'),
(473, 'app', 'Old cost'),
(474, 'app', 'Current cost'),
(475, 'app', 'Settings'),
(476, 'app', 'Regions'),
(477, 'app', 'Orders'),
(478, 'app', 'Customer'),
(479, 'app', 'Ordered items'),
(480, 'app', 'Region'),
(481, 'app', 'Cancelled'),
(482, 'app', 'Accepted'),
(483, 'app', 'In process'),
(484, 'app', 'Have done'),
(485, 'app', 'Popular'),
(486, 'app', 'Popular categories'),
(487, 'app', 'Send us a Message!'),
(488, 'app', 'Your email or phone number'),
(489, 'app', 'Verification code'),
(490, 'app', 'Your message'),
(491, 'app', 'You did not write any messages!'),
(492, 'app', 'Thank you for leaving us a message!'),
(493, 'app', 'News'),
(494, 'app', 'Shop the latest products right from your home.'),
(495, 'app', 'We have the best furniture fittings and accessories.'),
(496, 'app', 'Information'),
(497, 'app', 'Stay up to date with new products, discounts and promotions.'),
(498, 'app', 'Your email'),
(499, 'app', 'Subscribe'),
(500, 'app', 'Follow us on social media'),
(501, 'app', 'My favourite products'),
(502, 'app', 'No products found!'),
(503, 'app', 'Wishlist'),
(504, 'app', 'Cart'),
(505, 'app', 'Our latest news'),
(506, 'app', 'Delivery cost'),
(507, 'app', 'Search'),
(508, 'app', 'Hit'),
(509, 'app', 'Popular articles'),
(510, 'app', 'Our blog'),
(511, 'app', 'Related articles'),
(512, 'app', 'Contact information'),
(513, 'app', 'Furniture trade center'),
(514, 'app', 'Product params'),
(515, 'app', 'Material'),
(516, 'app', 'Send message'),
(517, 'app', 'Firstname is required.'),
(518, 'app', 'Phone number is required.'),
(519, 'app', 'Password is required.'),
(520, 'app', 'Activation code of your account on {hostInfo}: {code}'),
(521, 'app', 'Invalid verification code'),
(522, 'app', 'Enter the code sent to your phone number'),
(523, 'app', 'Reset password'),
(524, 'app', 'An error occured while sending activation code to your phone number'),
(525, 'app', 'Personal cabinet'),
(526, 'app', 'Jan'),
(527, 'app', 'Feb'),
(528, 'app', 'Mar'),
(529, 'app', 'Apr'),
(530, 'app', 'May'),
(531, 'app', 'Jun'),
(532, 'app', 'Jul'),
(533, 'app', 'Aug'),
(534, 'app', 'Sep'),
(535, 'app', 'Oct'),
(536, 'app', 'Nov'),
(537, 'app', 'Dec'),
(538, 'app', 'Thank you for leaving your email'),
(539, 'app', 'Your order has been accepted. We will contact you as soon as possible!'),
(540, 'app', 'Support phone'),
(541, 'app', 'Best products'),
(542, 'app', 'Socials'),
(543, 'app', 'Slider'),
(544, 'app', 'Small text'),
(545, 'app', 'Big text'),
(546, 'app', 'Price text'),
(547, 'app', 'Title for button'),
(548, 'app', 'Link for button'),
(549, 'app', 'Company adress'),
(550, 'app', 'Russian'),
(551, 'app', 'English'),
(552, 'app', 'Uzbek'),
(553, 'app', 'Publishing time'),
(554, 'app', 'Apartments'),
(555, 'app', '1 room'),
(556, 'app', '2 rooms'),
(557, 'app', '3 rooms'),
(558, 'app', '4 rooms'),
(559, 'app', '5 rooms or more'),
(560, 'app', 'Area'),
(561, 'app', 'All'),
(562, 'app', 'Floor'),
(563, 'app', 'Our project'),
(564, 'app', 'Reset all'),
(565, 'app', 'Show apartments'),
(566, 'app', 'Corpus'),
(567, 'app', 'Комнат'),
(568, 'app', 'Отделка'),
(569, 'app', 'Стоимость'),
(570, 'app', 'Забронировать'),
(571, 'app', 'Скачать планировки'),
(572, 'app', 'Client info'),
(573, 'app', 'This apartment has been booked'),
(574, 'app', 'Cancel booking'),
(575, 'app', 'Are you sure want to cancel booking'),
(576, 'app', 'This apartment has not been booked'),
(577, 'app', 'Booked'),
(578, 'app', 'Location'),
(579, 'app', 'Contacts'),
(580, 'app', 'Our office'),
(581, 'app', 'office_address'),
(582, 'app', 'office_work_time'),
(583, 'app', 'We are in social networks'),
(584, 'app', 'Thank you for leaving your information. We will contact you as soon as possible!'),
(585, 'app', 'Project slider'),
(586, 'app', 'Project description'),
(587, 'app', 'Rooms'),
(588, 'app', 'Rooms count'),
(589, 'app', 'Тип отделки'),
(590, 'app', 'Other projects'),
(591, 'app', 'Request a call back'),
(592, 'app', 'Back call'),
(593, 'app', 'our_projects_text'),
(594, 'app', 'Our projects in sale'),
(595, 'app', 'You can download our application'),
(596, 'app', 'Text'),
(597, 'app', 'Ad'),
(598, 'app', 'Administration'),
(599, 'app', 'Sign in to start your session'),
(600, 'app', 'Welcome'),
(601, 'app', 'Other news'),
(602, 'app', 'In developing'),
(603, 'app', 'Project Icons'),
(604, 'app', 'Project Icon'),
(606, 'app', 'Faculty'),
(607, 'app', 'Direction'),
(608, 'app', 'Group'),
(609, 'app', 'Department'),
(610, 'app', 'University'),
(611, 'app', 'confirmedBy.fullname'),
(612, 'app', 'updatedBy.fullname'),
(613, 'app', 'updated_by'),
(614, 'app', 'createdBy.fullname'),
(615, 'app', 'created_by'),
(616, 'app', 'Course'),
(617, 'app', 'Semester'),
(618, 'app', 'Student'),
(619, 'app', 'Teachers'),
(620, 'app', 'Subjects'),
(621, 'app', 'Test'),
(622, 'app', 'login_parol_error_message'),
(623, 'app', 'delete-confirm-message'),
(624, 'app', 'Permission'),
(625, 'app', 'Roles'),
(626, 'app', 'Password-Hint'),
(627, 'app', 'Free'),
(628, 'app', 'Educational Form'),
(629, 'app', 'Educational Type'),
(630, 'app', 'Maximum score'),
(631, 'app', 'Number of attempts'),
(632, 'app', 'Test language'),
(633, 'app', 'Type of control'),
(635, 'app', 'Number to be taken from the new test'),
(636, 'app', 'Old Test Count'),
(637, 'app', 'Test Type'),
(638, 'app', 'Tests Count'),
(639, 'app', 'Show answers'),
(640, 'app', 'Duration of time'),
(641, 'app', 'Start time'),
(642, 'app', 'End time'),
(643, 'app', 'TEST_TYPE_OPEN'),
(644, 'app', 'TEST_TYPE_CLOSE'),
(645, 'app', 'EDUCATIONAL_TYPE_BACHELOR'),
(646, 'app', 'EDUCATIONAL_TYPE_MASTER'),
(647, 'app', 'EDUCATIONAL_FROM_DAY_TIME'),
(648, 'app', 'EDUCATIONAL_TYPE_EVENING'),
(649, 'app', 'EDUCATIONAL_TYPE_OUTSIDE'),
(650, 'app', 'CONTROL_TYPE_INTERMEDIATE_CONTROL'),
(651, 'app', 'CONTROL_TYPE_FINAL_CONTROL'),
(652, 'app', 'current_test_count_error'),
(653, 'app', 'Upload a file'),
(654, 'app', 'Paid'),
(655, 'app', 'Test results'),
(656, 'app', 'Balance'),
(657, 'app', 'Complete the account'),
(658, 'app', 'Current balance'),
(659, 'app', 'Select'),
(660, 'app', 'TYPE_INCOME'),
(661, 'app', 'TYPE_EXPENSE'),
(662, 'app', 'REASON_EXPENSE_FOR_TEST'),
(663, 'app', 'REASON_REDUCE_BALANCE_BY_ADMIN'),
(664, 'app', 'REASON_FILL_BALANCE_BY_ADMIN'),
(665, 'app', 'REASON_INITIAL'),
(666, 'app', 'Amount of money'),
(667, 'app', 'Client'),
(668, 'app', 'Password-Error'),
(669, 'app', 'Reason'),
(670, 'app', 'Total'),
(671, 'app', 'Token'),
(672, 'app', 'District'),
(673, 'app', 'Passport Type'),
(674, 'app', 'Passport number'),
(675, 'app', 'Passport Series'),
(676, 'app', 'Born Date'),
(677, 'app', 'Full Name'),
(678, 'app', 'JShShIR'),
(679, 'app', 'Exists Username'),
(680, 'app', 'Off'),
(681, 'app', 'Error creating user balance'),
(682, 'app', 'Cancel'),
(683, 'app', 'User role'),
(684, 'app', 'User Device'),
(685, 'app', 'User Balance'),
(686, 'app', 'Test Result'),
(687, 'app', 'Device Name'),
(688, 'app', 'Device Id'),
(689, 'app', 'Correct answers'),
(690, 'app', 'Question'),
(691, 'app', 'Answer'),
(692, 'app', 'Area settings'),
(693, 'app', 'Finance'),
(694, 'app', 'Reports'),
(695, 'app', 'User payments'),
(696, 'app', 'Result not found'),
(697, 'app', 'Enter the device ID number'),
(698, 'app', 'Device not found'),
(699, 'app', 'You have an incomplete test'),
(700, 'app', 'You do not have access to this test'),
(701, 'app', 'Your balance is insufficient'),
(702, 'app', 'You have no attempts left'),
(703, 'app', 'There is currently no active test'),
(704, 'app', 'Error saving results'),
(705, 'app', 'There was an error in withdrawing money from the balance'),
(706, 'app', 'Test result item not found'),
(707, 'app', 'System Users'),
(708, 'app', 'Payment type'),
(709, 'app', 'Test Sale'),
(710, 'app', 'Count'),
(711, 'app', 'Questions'),
(712, 'app', 'Percentage'),
(713, 'app', 'Gender');

--
-- Indexes for dumped tables
--

--
-- Indexes for table `message`
--
ALTER TABLE `message`
  ADD PRIMARY KEY (`id`,`language`),
  ADD KEY `idx_message_language` (`language`);

--
-- Indexes for table `message_category`
--
ALTER TABLE `message_category`
  ADD PRIMARY KEY (`id`),
  ADD KEY `name` (`name`);

--
-- Indexes for table `source_message`
--
ALTER TABLE `source_message`
  ADD PRIMARY KEY (`id`),
  ADD KEY `idx_source_message_category` (`category`);

--
-- AUTO_INCREMENT for dumped tables
--

--
-- AUTO_INCREMENT for table `message_category`
--
ALTER TABLE `message_category`
  MODIFY `id` int(11) NOT NULL AUTO_INCREMENT, AUTO_INCREMENT=6;

--
-- AUTO_INCREMENT for table `source_message`
--
ALTER TABLE `source_message`
  MODIFY `id` int(11) NOT NULL AUTO_INCREMENT, AUTO_INCREMENT=714;

--
-- Constraints for dumped tables
--

--
-- Constraints for table `message`
--
ALTER TABLE `message`
  ADD CONSTRAINT `message_ibfk_1` FOREIGN KEY (`id`) REFERENCES `source_message` (`id`) ON DELETE CASCADE;
COMMIT;

/*!40101 SET CHARACTER_SET_CLIENT=@OLD_CHARACTER_SET_CLIENT */;
/*!40101 SET CHARACTER_SET_RESULTS=@OLD_CHARACTER_SET_RESULTS */;
/*!40101 SET COLLATION_CONNECTION=@OLD_COLLATION_CONNECTION */;
